"","NOME_COMUNE","NOME_PROVINCIA","DECESSI_HIGH","DECESSI_LOW","AVG","longitudine","latitudine"
"1","Abbadia Cerreto","Lodi",1,0,1,9.59252482,45.31239093
"2","Abbadia Lariana","Lecco",7,0,7,9.33454921,45.90049968
"3","Abbiategrasso","Milano",73,46,73,8.91748563,45.39857615
"4","Acquafredda","Brescia",20,20,20,10.41190041,45.30716861
"5","Acquanegra Cremonese","Cremona",38,38,38,9.88878548,45.16831524
"6","Acquanegra sul Chiese","Mantova",14,14,14,10.43338521,45.16049553
"7","Adrara San Martino","Bergamo",20,20,20,9.9482497,45.69819924
"8","Adrara San Rocco","Bergamo",1,0,1,9.95771458,45.71217274
"9","Adro","Brescia",12,0,12,9.95535378,45.62514272
"10","Agnadello","Cremona",20,20,20,9.55920587,45.44713529
"11","Agnosine","Brescia",5,1,5,10.3576843,45.64771077
"12","Agra","Varese",1,0,1,8.77144627,46.03408765
"13","Agrate Brianza","Monza e della Brianza",64,64,64,9.35176407,45.57545676
"14","Aicurzio","Monza e della Brianza",5,0,5,9.41103721,45.64070053
"15","Airuno","Lecco",3,0,3,9.42246629,45.75440641
"16","Alagna","Pavia",2,0,2,8.88945222,45.16928391
"17","Albairate","Milano",10,3,10,8.93517393,45.41870614
"18","Albano Sant'Alessandro","Bergamo",88,88,88,9.7662362,45.68645495
"19","Albaredo Arnaboldi","Pavia",1,0,1,9.24350753,45.10683265
"20","Albaredo per San Marco","Sondrio",0,0,0,9.59043893,46.10292543
"21","Albavilla","Como",18,18,18,9.18930004,45.8010947
"22","Albese con Cassano","Como",15,0,15,9.16474347,45.79543363
"23","Albiate","Monza e della Brianza",18,18,18,9.26133993,45.65669353
"24","Albino","Bergamo",302,302,302,9.7969345,45.76059116
"25","Albiolo","Como",4,0,4,8.93736248,45.80680091
"26","Albizzate","Varese",14,14,14,8.80354799,45.72373624
"27","Albonese","Pavia",9,0,9,8.7061279,45.2928504
"28","Albosaggia","Sondrio",6,0,6,9.85465398,46.147398
"29","Albuzzano","Pavia",36,36,36,9.27717753,45.18754704
"30","Alfianello","Brescia",18,18,18,10.14824994,45.26758605
"31","Algua","Bergamo",1,0,1,9.72222924,45.82583705
"32","Almè","Bergamo",68,68,68,9.6175669,45.74006437
"33","Almenno San Bartolomeo","Bergamo",38,38,38,9.57826907,45.74829449
"34","Almenno San Salvatore","Bergamo",70,70,70,9.58738459,45.74973808
"35","Alserio","Como",3,0,3,9.19837284,45.77868888
"36","Alta Valle Intelvi","Como",7,0,7,9.0271,45.9848
"37","Alzano Lombardo","Bergamo",218,218,218,9.72580631,45.72747077
"38","Alzate Brianza","Como",13,0,13,9.18202575,45.76698007
"39","Ambivere","Bergamo",3,0,3,9.54722545,45.71859384
"40","Andalo Valtellino","Sondrio",1,0,1,9.47301339,46.13447907
"41","Anfo","Brescia",1,0,1,10.49379785,45.76575
"42","Angera","Varese",14,5,14,8.57505473,45.77248072
"43","Angolo Terme","Brescia",16,16,16,10.14687744,45.89295916
"44","Annicco","Cremona",20,20,20,9.88185079,45.24474357
"45","Annone di Brianza","Lecco",5,0,5,9.33099149,45.80521736
"46","Antegnate","Bergamo",22,22,22,9.79245129,45.48444261
"47","Anzano del Parco","Como",4,0,4,9.19875952,45.77086446
"48","Appiano Gentile","Como",24,24,24,8.97949173,45.73500438
"49","Aprica","Sondrio",16,16,16,10.15206343,46.15334799
"50","Arcene","Bergamo",36,36,36,9.61367879,45.57551324
"51","Arcisate","Varese",14,0,14,8.85979602,45.85936588
"52","Arconate","Milano",16,16,16,8.85151512,45.54155555
"53","Arcore","Monza e della Brianza",70,70,70,9.32108103,45.62696694
"54","Ardenno","Sondrio",12,12,12,9.65172236,46.17276047
"55","Ardesio","Bergamo",40,40,40,9.929649,45.93819796
"56","Arena Po","Pavia",14,14,14,9.36186971,45.09443229
"57","Arese","Milano",48,48,48,9.0785758,45.54987207
"58","Argegno","Como",1,0,1,9.12740292,45.94508355
"59","Arluno","Milano",23,2,23,8.95002987,45.50899319
"60","Arosio","Como",28,28,28,9.20766723,45.71664742
"61","Arsago Seprio","Varese",9,0,9,8.73102942,45.68799132
"62","Artogne","Brescia",7,1,7,10.16452435,45.84832151
"63","Arzago d'Adda","Bergamo",18,18,18,9.56429523,45.47970041
"64","Asola","Mantova",56,56,56,10.41432135,45.22055281
"65","Assago","Milano",14,14,14,9.1311488,45.40436068
"66","Asso","Como",12,12,12,9.26941885,45.86165523
"67","Averara","Bergamo",1,0,1,9.63115452,45.9885508
"68","Aviatico","Bergamo",1,0,1,9.76892181,45.7928051
"69","Azzanello","Cremona",2,0,2,9.91970439,45.31311906
"70","Azzano Mella","Brescia",5,0,5,10.11359436,45.45482356
"71","Azzano San Paolo","Bergamo",16,4,16,9.67632432,45.66191569
"72","Azzate","Varese",7,1,7,8.79686119,45.78197525
"73","Azzio","Varese",2,0,2,8.70629682,45.88536153
"74","Azzone","Bergamo",2,0,2,10.11281471,45.97902681
"75","Badia Pavese","Pavia",0,0,0,9.468549,45.12117417
"76","Bagnaria","Pavia",3,0,3,9.12433895,44.82607599
"77","Bagnatica","Bergamo",44,44,44,9.78137877,45.66367408
"78","Bagnolo Cremasco","Cremona",36,36,36,9.60916312,45.36153682
"79","Bagnolo Mella","Brescia",27,12,27,10.17928028,45.42902132
"80","Bagnolo San Vito","Mantova",18,18,18,10.88141283,45.09248928
"81","Bagolino","Brescia",50,50,50,10.46893818,45.82122915
"82","Ballabio","Lecco",3,0,3,9.42416753,45.89603656
"83","Baranzate","Milano",17,5,17,9.11386757,45.52729576
"84","Barasso","Varese",10,10,10,8.75810385,45.84046799
"85","Barbariga","Brescia",6,0,6,10.05674386,45.40397218
"86","Barbata","Bergamo",2,0,2,9.77623374,45.47490603
"87","Barbianello","Pavia",3,0,3,9.20599733,45.07570319
"88","Bardello","Varese",3,0,3,8.6982499,45.8350432
"89","Bareggio","Milano",34,14,34,8.99381888,45.47645894
"90","Barghe","Brescia",2,0,2,10.40612722,45.67799548
"91","Bariano","Bergamo",26,26,26,9.70701505,45.51477813
"92","Barlassina","Monza e della Brianza",26,26,26,9.13050805,45.65611701
"93","Barni","Como",0,0,0,9.26396688,45.91087559
"94","Barzago","Lecco",3,0,3,9.31649287,45.7552173
"95","Barzana","Bergamo",3,0,3,9.56703564,45.73364503
"96","Barzanò","Lecco",16,16,16,9.31677649,45.73463917
"97","Barzio","Lecco",3,0,3,9.46834431,45.94646921
"98","Bascapè","Pavia",1,0,1,9.31542149,45.30464405
"99","Basiano","Milano",18,18,18,9.46820192,45.57442098
"100","Basiglio","Milano",18,18,18,9.1614742,45.36271707
"101","Bassano Bresciano","Brescia",3,0,3,10.12684596,45.33019122
"102","Bastida Pancarana","Pavia",3,0,3,9.0915536,45.08630345
"103","Bedizzole","Brescia",66,66,66,10.42277837,45.51035884
"104","Bedulita","Bergamo",3,0,3,9.55092365,45.79064007
"105","Belgioioso","Pavia",42,42,42,9.31602643,45.16273674
"106","Bellagio","Como",16,16,16,9.2459,45.9627
"107","Bellano","Lecco",7,0,7,9.30276896,46.04329184
"108","Bellinzago Lombardo","Milano",7,0,7,9.44597053,45.54083028
"109","Bellusco","Monza e della Brianza",46,46,46,9.41779202,45.61856248
"110","Bema","Sondrio",1,0,1,9.56456455,46.10831825
"111","Bene Lario","Como",0,0,0,9.18360351,46.0286252
"112","Berbenno","Bergamo",4,0,4,9.56832347,45.81171214
"113","Berbenno di Valtellina","Sondrio",12,12,12,9.74318959,46.16872282
"114","Beregazzo con Figliaro","Como",8,8,8,8.9508768,45.77587949
"115","Bereguardo","Pavia",4,0,4,9.02449546,45.25744652
"116","Bergamo","Bergamo",1380,1380,1380,9.66842453,45.69441368
"117","Berlingo","Brescia",24,24,24,10.03295371,45.50276977
"118","Bernareggio","Monza e della Brianza",48,48,48,9.40567521,45.65003338
"119","Bernate Ticino","Milano",4,0,4,8.81592589,45.47932974
"120","Bertonico","Lodi",3,0,3,9.66860158,45.23388802
"121","Berzo Demo","Brescia",14,14,14,10.33300826,46.09287052
"122","Berzo Inferiore","Brescia",4,1,4,10.27867321,45.93225933
"123","Berzo San Fermo","Bergamo",20,20,20,9.90029675,45.71817
"124","Besana in Brianza","Monza e della Brianza",31,13,31,9.28851108,45.700761
"125","Besano","Varese",24,24,24,8.88994859,45.88923148
"126","Besate","Milano",4,0,4,8.96731763,45.31224654
"127","Besnate","Varese",16,16,16,8.76940011,45.70035494
"128","Besozzo","Varese",22,3,22,8.66515456,45.85161622
"129","Biandronno","Varese",7,0,7,8.71232632,45.81939412
"130","Bianzano","Bergamo",2,0,2,9.91778785,45.7733787
"131","Bianzone","Sondrio",4,0,4,10.10930218,46.18393421
"132","Biassono","Monza e della Brianza",36,36,36,9.27623077,45.62856742
"133","Bienno","Brescia",8,0,8,10.29546917,45.93555453
"134","Binago","Como",10,10,10,8.92256563,45.78468601
"135","Binasco","Milano",52,52,52,9.09965859,45.33219808
"136","Bione","Brescia",10,10,10,10.34057147,45.67402934
"137","Bisuschio","Varese",5,0,5,8.87035829,45.8724144
"138","Bizzarone","Como",2,0,2,8.94596475,45.83503924
"139","Blessagno","Como",1,0,1,9.09739094,45.95989389
"140","Blevio","Como",1,0,1,9.10486477,45.84064094
"141","Bodio Lomnago","Varese",5,0,5,8.75143295,45.78988982
"142","Boffalora d'Adda","Lodi",3,0,3,9.49469045,45.35863081
"143","Boffalora sopra Ticino","Milano",9,0,9,8.82849071,45.46435927
"144","Bolgare","Bergamo",50,50,50,9.8202383,45.63185923
"145","Bollate","Milano",92,92,92,9.11765508,45.54384321
"146","Boltiere","Bergamo",12,0,12,9.57823378,45.59977641
"147","Bonate Sopra","Bergamo",42,42,42,9.55923638,45.6830883
"148","Bonate Sotto","Bergamo",13,3,13,9.56130516,45.66636307
"149","Bonemerse","Cremona",3,0,3,10.07836814,45.11404791
"150","Bordolano","Cremona",1,0,1,9.98705144,45.29285106
"151","Borgarello","Pavia",4,0,4,9.14068907,45.23942871
"152","Borghetto Lodigiano","Lodi",48,48,48,9.49802352,45.21274117
"153","Borgo di Terzo","Bergamo",2,0,2,9.89141094,45.72095531
"154","Borgo Priolo","Pavia",4,0,4,9.14841048,44.96650803
"155","Borgo San Giacomo","Brescia",50,50,50,9.97101776,45.35011663
"156","Borgo San Giovanni","Lodi",5,0,5,9.42534131,45.27563501
"157","Borgo San Siro","Pavia",3,0,3,8.91269284,45.23483612
"158","Borgo Virgilio","Mantova",32,32,32,10.775,45.088
"159","Borgoratto Mormorolo","Pavia",1,0,1,9.19322114,44.93011284
"160","Borgosatollo","Brescia",58,58,58,10.23603582,45.47507645
"161","Bormio","Sondrio",16,16,16,10.37559509,46.47015993
"162","Bornasco","Pavia",2,0,2,9.21835501,45.26637718
"163","Borno","Brescia",16,16,16,10.20580785,45.94679424
"164","Bosisio Parini","Lecco",4,0,4,9.2879219,45.80042412
"165","Bosnasco","Pavia",3,0,3,9.35689545,45.0639987
"166","Bossico","Bergamo",14,14,14,10.04486839,45.82701072
"167","Bottanuco","Bergamo",52,52,52,9.50359425,45.64081122
"168","Botticino","Brescia",86,86,86,10.32329909,45.54329565
"169","Bovegno","Brescia",10,10,10,10.2722153,45.79234745
"170","Bovezzo","Brescia",54,54,54,10.24349364,45.59163275
"171","Bovisio-Masciago","Monza e della Brianza",26,26,26,9.14866196,45.61109324
"172","Bozzolo","Mantova",11,1,11,10.48451639,45.10531346
"173","Bracca","Bergamo",2,0,2,9.70781335,45.82266222
"174","Brallo di Pregola","Pavia",8,8,8,9.28189064,44.7384555
"175","Brandico","Brescia",1,0,1,10.05092043,45.45427209
"176","Branzi","Bergamo",2,0,2,9.75868016,46.00494814
"177","Braone","Brescia",1,0,1,10.34243041,45.99021192
"178","Brebbia","Varese",10,3,10,8.64986902,45.82856738
"179","Bregano","Varese",1,0,1,8.69246682,45.82367289
"180","Bregnano","Como",12,0,12,9.06252406,45.6989627
"181","Brembate","Bergamo",74,74,74,9.55516253,45.60388463
"182","Brembate di Sopra","Bergamo",176,176,176,9.57758711,45.71627848
"183","Brembio","Lodi",24,24,24,9.56969713,45.2151031
"184","Breme","Pavia",22,22,22,8.62332043,45.12790235
"185","Brenna","Como",3,0,3,9.18775301,45.74164179
"186","Breno","Brescia",38,38,38,10.30204086,45.95601285
"187","Brenta","Varese",3,0,3,8.68415016,45.89520908
"188","Brescia","Brescia",1190,1190,1190,10.21910323,45.53993052
"189","Bressana Bottarone","Pavia",14,14,14,9.1350806,45.07364272
"190","Bresso","Milano",146,146,146,9.18762977,45.53760014
"191","Brezzo di Bedero","Varese",3,0,3,8.71839172,45.97788916
"192","Brienno","Como",1,0,1,9.13139045,45.91174236
"193","Brignano Gera d'Adda","Bergamo",9,4,9,9.64789634,45.5445147
"194","Brinzio","Varese",2,0,2,8.78680655,45.88913557
"195","Brione","Brescia",2,0,2,10.14980761,45.64071464
"196","Briosco","Monza e della Brianza",10,10,10,9.23719684,45.70929261
"197","Brissago-Valtravaglia","Varese",3,0,3,8.74641128,45.94962111
"198","Brivio","Lecco",56,56,56,9.44832519,45.74211964
"199","Broni","Pavia",46,46,46,9.26129813,45.06197007
"200","Brugherio","Monza e della Brianza",136,136,136,9.30006028,45.55103032
"201","Brumano","Bergamo",0,0,0,9.50061272,45.85462791
"202","Brunate","Como",3,0,3,9.09641584,45.81977176
"203","Brunello","Varese",1,0,1,8.7958022,45.76615745
"204","Brusaporto","Bergamo",40,40,40,9.76126081,45.67082667
"205","Brusimpiano","Varese",2,0,2,8.88960338,45.94718903
"206","Bubbiano","Milano",3,0,3,9.01336985,45.32732507
"207","Buccinasco","Milano",36,36,36,9.10757505,45.42126896
"208","Buglio in Monte","Sondrio",3,0,3,9.67539142,46.18335411
"209","Buguggiate","Varese",7,0,7,8.80675732,45.78525778
"210","Bulciago","Lecco",6,0,6,9.28389095,45.75086323
"211","Bulgarograsso","Como",10,10,10,9.01101248,45.74813449
"212","Burago di Molgora","Monza e della Brianza",14,14,14,9.37906933,45.59592144
"213","Buscate","Milano",10,10,10,8.81258989,45.54600142
"214","Busnago","Monza e della Brianza",36,36,36,9.46619248,45.617173
"215","Bussero","Milano",24,24,24,9.37205136,45.53791825
"216","Busto Arsizio","Varese",198,198,198,8.85494196,45.61508411
"217","Busto Garolfo","Milano",32,32,32,8.88340873,45.54605784
"218","Cabiate","Como",14,14,14,9.16670282,45.67319795
"219","Cadegliano-Viconago","Varese",5,0,5,8.84466504,45.95877781
"220","Cadorago","Como",12,0,12,9.03374726,45.7239038
"221","Caglio","Como",2,0,2,9.23631564,45.87057233
"222","Caino","Brescia",1,0,1,10.31575694,45.61251414
"223","Caiolo","Sondrio",2,0,2,9.81705673,46.15231836
"224","Cairate","Varese",20,20,20,8.87081304,45.69202754
"225","Calcinate","Bergamo",42,42,42,9.80155201,45.61977118
"226","Calcinato","Brescia",110,110,110,10.41651764,45.4574704
"227","Calcio","Bergamo",50,50,50,9.85508435,45.50766222
"228","Calco","Lecco",16,16,16,9.41788138,45.72538205
"229","Calolziocorte","Lecco",102,102,102,9.43211005,45.80179176
"230","Calusco d'Adda","Bergamo",68,68,68,9.47138472,45.68834716
"231","Calvagese della Riviera","Brescia",4,0,4,10.44602336,45.53921951
"232","Calvatone","Cremona",3,0,3,10.44206219,45.12883088
"233","Calvenzano","Bergamo",62,62,62,9.59815751,45.49463312
"234","Calvignasco","Milano",1,0,1,9.02086669,45.33179509
"235","Calvisano","Brescia",16,0,16,10.34287551,45.34907813
"236","Cambiago","Milano",18,18,18,9.42416597,45.57336649
"237","Camerata Cornello","Bergamo",1,0,1,9.65566453,45.89956035
"238","Camisano","Cremona",2,0,2,9.74619291,45.44259064
"239","Campagnola Cremasca","Cremona",0,0,0,9.66944164,45.39913388
"240","Camparada","Monza e della Brianza",5,0,5,9.32237835,45.6549953
"241","Campione d'Italia","Como",5,0,5,8.970754,45.97007944
"242","Campodolcino","Sondrio",1,0,1,9.35431096,46.40213345
"243","Campospinoso","Pavia",12,12,12,9.24669485,45.09360451
"244","Candia Lomellina","Pavia",5,0,5,8.59816452,45.17473688
"245","Canegrate","Milano",32,32,32,8.92457328,45.57254954
"246","Canneto Pavese","Pavia",2,0,2,9.28098021,45.05115779
"247","Canneto sull'Oglio","Mantova",14,0,14,10.37540525,45.15029003
"248","Canonica d'Adda","Bergamo",22,22,22,9.54175897,45.57456366
"249","Cantello","Varese",17,4,17,8.89696935,45.82105782
"250","Cantù","Como",76,76,76,9.12658065,45.73938659
"251","Canzo","Como",15,6,15,9.27350212,45.85003757
"252","Capergnanica","Cremona",18,18,18,9.64414845,45.33808233
"253","Capiago Intimiano","Como",12,0,12,9.1243087,45.7721228
"254","Capizzone","Bergamo",4,0,4,9.56852652,45.78452319
"255","Capo di Ponte","Brescia",10,10,10,10.3428017,46.02999867
"256","Caponago","Monza e della Brianza",18,18,18,9.37703299,45.56531345
"257","Capovalle","Brescia",1,0,1,10.5448427,45.75406745
"258","Cappella Cantone","Cremona",0,0,0,9.83810498,45.24652266
"259","Cappella de' Picenardi","Cremona",2,0,2,10.23012535,45.15912616
"260","Capralba","Cremona",20,20,20,9.64243814,45.44227445
"261","Capriano del Colle","Brescia",22,22,22,10.12640959,45.45516249
"262","Capriate San Gervasio","Bergamo",15,5,15,9.52730102,45.60916831
"263","Caprino Bergamasco","Bergamo",4,1,4,9.48158177,45.74646782
"264","Capriolo","Brescia",15,7,15,9.93602291,45.63979785
"265","Carate Brianza","Monza e della Brianza",39,10,39,9.23312209,45.6770523
"266","Carate Urio","Como",4,0,4,9.12239702,45.87196643
"267","Caravaggio","Bergamo",122,122,122,9.64310613,45.49713767
"268","Caravate","Varese",6,0,6,8.65547691,45.87950555
"269","Carbonara al Ticino","Pavia",6,1,6,9.05904974,45.16531723
"270","Carbonate","Como",6,0,6,8.94040214,45.68506128
"271","Cardano al Campo","Varese",25,4,25,8.77457849,45.6466131
"272","Carenno","Lecco",1,0,1,9.46166828,45.80142537
"273","Carimate","Como",6,0,6,9.11525094,45.70268568
"274","Carlazzo","Como",2,0,2,9.15649403,46.04919611
"275","Carnago","Varese",14,14,14,8.83627171,45.71828365
"276","Carnate","Monza e della Brianza",24,24,24,9.37833637,45.65106483
"277","Carobbio degli Angeli","Bergamo",22,22,22,9.82862581,45.67045623
"278","Carona","Bergamo",1,0,1,9.78549341,46.02183878
"279","Caronno Pertusella","Varese",32,32,32,9.04786804,45.59681856
"280","Caronno Varesino","Varese",18,18,18,8.83098855,45.73879258
"281","Carpenedolo","Brescia",20,3,20,10.4315258,45.36118859
"282","Carpiano","Milano",4,0,4,9.27463974,45.34164161
"283","Carugate","Milano",106,106,106,9.33843416,45.54960324
"284","Carugo","Como",10,10,10,9.18915441,45.70996915
"285","Carvico","Bergamo",42,42,42,9.47982813,45.70685592
"286","Casalbuttano ed Uniti","Cremona",132,132,132,9.96168245,45.25201488
"287","Casale Cremasco-Vidolasco","Cremona",3,0,3,9.71390281,45.43160829
"288","Casale Litta","Varese",5,1,5,8.74033681,45.76739057
"289","Casaletto Ceredano","Cremona",2,0,2,9.61679215,45.31812763
"290","Casaletto di Sopra","Cremona",1,0,1,9.78130227,45.41861722
"291","Casaletto Lodigiano","Lodi",12,12,12,9.36181333,45.29313323
"292","Casaletto Vaprio","Cremona",2,0,2,9.6290426,45.40727512
"293","Casalmaggiore","Cremona",122,122,122,10.41378078,44.98742209
"294","Casalmaiocco","Lodi",3,0,3,9.37166246,45.35304438
"295","Casalmorano","Cremona",54,54,54,9.89784097,45.28708993
"296","Casalmoro","Mantova",20,20,20,10.40798158,45.2589957
"297","Casaloldo","Mantova",14,14,14,10.48213987,45.25257166
"298","Casalpusterlengo","Lodi",114,114,114,9.65107115,45.17779667
"299","Casalromano","Mantova",2,0,2,10.36510881,45.1972989
"300","Casalzuigno","Varese",3,0,3,8.70550787,45.90326961
"301","Casanova Lonati","Pavia",0,0,0,9.21373599,45.09441598
"302","Casargo","Lecco",3,0,3,9.38827009,46.03836074
"303","Casarile","Milano",10,10,10,9.10320454,45.31759199
"304","Casatenovo","Lecco",46,46,46,9.31559457,45.69906559
"305","Casatisma","Pavia",3,0,3,9.13096391,45.04568877
"306","Casazza","Bergamo",40,40,40,9.90631523,45.75151263
"307","Casciago","Varese",12,12,12,8.78437936,45.83477437
"308","Casei Gerola","Pavia",22,22,22,8.92707305,45.0063079
"309","Caselle Landi","Lodi",28,28,28,9.79199005,45.10376862
"310","Caselle Lurani","Lodi",3,0,3,9.3601395,45.2804327
"311","Casirate d'Adda","Bergamo",42,42,42,9.56659968,45.49235035
"312","Caslino d'Erba","Como",4,0,4,9.22712175,45.83756065
"313","Casnate con Bernate","Como",3,1,3,9.0746556,45.75679233
"314","Casnigo","Bergamo",72,72,72,9.86745342,45.81634563
"315","Casorate Primo","Pavia",22,22,22,9.01813904,45.3119243
"316","Casorate Sempione","Varese",12,12,12,8.74031796,45.67171363
"317","Casorezzo","Milano",14,14,14,8.8990494,45.524201
"318","Caspoggio","Sondrio",3,0,3,9.86176989,46.26472617
"319","Cassago Brianza","Lecco",7,2,7,9.29482669,45.74049083
"320","Cassano d'Adda","Milano",82,82,82,9.52054616,45.52652047
"321","Cassano Magnago","Varese",52,52,52,8.82082527,45.674381
"322","Cassano Valcuvia","Varese",2,0,2,8.76817676,45.932577
"323","Cassiglio","Bergamo",0,0,0,9.61212713,45.96685843
"324","Cassina de' Pecchi","Milano",24,9,24,9.36445401,45.51996566
"325","Cassina Rizzardi","Como",6,0,6,9.03038994,45.75103988
"326","Cassina Valsassina","Lecco",0,0,0,9.47938526,45.93197829
"327","Cassinetta di Lugagnano","Milano",2,0,2,8.9068009,45.42212844
"328","Cassolnovo","Pavia",76,76,76,8.80894596,45.36582712
"329","Castana","Pavia",3,0,3,9.27189802,45.02702606
"330","Castano Primo","Milano",44,44,44,8.77635835,45.55121165
"331","Casteggio","Pavia",17,3,17,9.12494869,45.01239955
"332","Castegnato","Brescia",56,56,56,10.11683832,45.5621169
"333","Castel d'Ario","Mantova",6,1,6,10.9714046,45.18572114
"334","Castel Gabbiano","Cremona",2,0,2,9.71762345,45.46846383
"335","Castel Goffredo","Mantova",72,72,72,10.47462636,45.29795068
"336","Castel Mella","Brescia",30,30,30,10.14188166,45.49759872
"337","Castel Rozzone","Bergamo",14,14,14,9.62373758,45.55543684
"338","Castelbelforte","Mantova",6,6,6,10.89219834,45.21408104
"339","Castelcovati","Brescia",44,44,44,9.94319171,45.5060743
"340","Casteldidone","Cremona",1,0,1,10.40578209,45.07067841
"341","Castellanza","Varese",34,34,34,8.89758795,45.61147087
"342","Castelleone","Cremona",114,114,114,9.76489432,45.29350315
"343","Castelletto di Branduzzo","Pavia",1,0,1,9.09766637,45.07018739
"344","Castelli Calepio","Bergamo",130,130,130,9.90225371,45.64152654
"345","Castello Cabiaglio","Varese",1,0,1,8.75481888,45.89254824
"346","Castello d'Agogna","Pavia",1,0,1,8.68937848,45.23600468
"347","Castello dell'Acqua","Sondrio",2,0,2,10.01578984,46.14548538
"348","Castello di Brianza","Lecco",6,0,6,9.3482511,45.7558308
"349","Castellucchio","Mantova",11,0,11,10.64451007,45.14673489
"350","Castelmarte","Como",0,0,0,9.23335971,45.83250887
"351","Castelnovetto","Pavia",2,0,2,8.61139904,45.2543752
"352","Castelnuovo Bocca d'Adda","Lodi",28,28,28,9.86941312,45.11236905
"353","Castelnuovo Bozzente","Como",2,0,2,8.94137967,45.76345124
"354","Castelseprio","Varese",3,0,3,8.86127391,45.71695339
"355","Castelveccana","Varese",5,0,5,8.66483192,45.94653339
"356","Castelverde","Cremona",88,88,88,9.99696281,45.18570753
"357","Castelvisconti","Cremona",1,0,1,9.94220743,45.30567509
"358","Castenedolo","Brescia",50,50,50,10.30043916,45.47135901
"359","Castiglione d'Adda","Lodi",104,104,104,9.69503024,45.21568553
"360","Castiglione delle Stiviere","Mantova",84,84,84,10.49104943,45.3864959
"361","Castiglione Olona","Varese",11,0,11,8.86808089,45.75638484
"362","Castione Andevenno","Sondrio",2,0,2,9.80029723,46.1728621
"363","Castione della Presolana","Bergamo",9,3,9,10.03640944,45.90774598
"364","Castiraga Vidardo","Lodi",2,0,2,9.4026397,45.25645353
"365","Casto","Brescia",3,0,3,10.32059748,45.69508611
"366","Castrezzato","Brescia",40,40,40,9.97671546,45.51108736
"367","Castro","Bergamo",18,18,18,18.42476926,40.00789743
"368","Castro","Bergamo",18,18,18,10.06877391,45.80380375
"369","Castronno","Varese",9,0,9,8.81288955,45.74696138
"370","Cava Manara","Pavia",30,30,30,9.10710573,45.13887406
"371","Cavargna","Como",1,0,1,9.11202583,46.09067552
"372","Cavaria con Premezzo","Varese",13,7,13,8.79768031,45.69454899
"373","Cavenago d'Adda","Lodi",16,16,16,9.60179501,45.283965
"374","Cavenago di Brianza","Monza e della Brianza",42,42,42,9.4148772,45.58529553
"375","Cavernago","Bergamo",3,0,3,9.76373349,45.62380299
"376","Cavriana","Mantova",8,0,8,10.60099734,45.34991118
"377","Cazzago Brabbia","Varese",1,0,1,8.73527589,45.79535134
"378","Cazzago San Martino","Brescia",86,86,86,10.02501501,45.58101331
"379","Cazzano Sant'Andrea","Bergamo",0,0,0,9.88223113,45.81122174
"380","Cecima","Pavia",1,0,1,9.08168596,44.8478148
"381","Cedegolo","Brescia",4,0,4,10.34999445,46.07576226
"382","Cedrasco","Sondrio",0,0,0,9.7680041,46.14931462
"383","Cella Dati","Cremona",1,0,1,10.22126378,45.09615732
"384","Cellatica","Brescia",9,0,9,10.17777203,45.58268839
"385","Cenate Sopra","Bergamo",20,20,20,9.82417576,45.71174379
"386","Cenate Sotto","Bergamo",4,0,4,9.82395442,45.69842732
"387","Cene","Bergamo",72,72,72,9.82557194,45.77943252
"388","Cerano d'Intelvi","Como",1,0,1,9.08764297,45.94446407
"389","Ceranova","Pavia",3,0,3,9.24226047,45.26001191
"390","Cercino","Sondrio",1,0,1,9.50818301,46.15777754
"391","Ceresara","Mantova",12,12,12,10.56562252,45.26332286
"392","Cerete","Bergamo",3,0,3,9.99497475,45.86768981
"393","Ceretto Lomellina","Pavia",0,0,0,8.67241282,45.24481961
"394","Cergnago","Pavia",3,0,3,8.76908632,45.19717197
"395","Ceriano Laghetto","Monza e della Brianza",14,14,14,9.07906789,45.62719292
"396","Cermenate","Como",34,34,34,9.08268731,45.698567
"397","Cernobbio","Como",16,0,16,9.07435334,45.83962461
"398","Cernusco Lombardone","Lecco",18,18,18,9.39755363,45.69048908
"399","Cernusco sul Naviglio","Milano",164,164,164,9.33502744,45.52420326
"400","Cerro al Lambro","Milano",7,0,7,9.33846435,45.33157234
"401","Cerro Maggiore","Milano",50,50,50,8.9507118,45.59344478
"402","Certosa di Pavia","Pavia",9,0,9,9.1274166,45.25434477
"403","Cerveno","Brescia",1,0,1,10.32550765,46.00231643
"404","Cervesina","Pavia",4,0,4,9.01775898,45.0611738
"405","Cervignano d'Adda","Lodi",24,24,24,9.42263787,45.3738302
"406","Cesana Brianza","Lecco",3,0,3,9.30076427,45.81945672
"407","Cesano Boscone","Milano",66,66,66,9.09327345,45.44593779
"408","Cesano Maderno","Monza e della Brianza",70,14,70,9.14802853,45.62648006
"409","Cesate","Milano",52,52,52,9.07544168,45.59500977
"410","Ceto","Brescia",2,0,2,10.3518498,46.00235809
"411","Cevo","Brescia",2,0,2,10.37037619,46.08019094
"412","Chiari","Brescia",35,13,35,9.93052864,45.5368436
"413","Chiavenna","Sondrio",22,0,22,9.40548756,46.32102771
"414","Chiesa in Valmalenco","Sondrio",3,0,3,9.84832637,46.26376909
"415","Chieve","Cremona",2,0,2,9.6161229,45.33750304
"416","Chignolo d'Isola","Bergamo",28,28,28,9.52722734,45.66512539
"417","Chignolo Po","Pavia",18,18,18,9.48820517,45.15251471
"418","Chiuduno","Bergamo",46,46,46,9.85376247,45.64690256
"419","Chiuro","Sondrio",12,12,12,9.98921231,46.16955671
"420","Cicognolo","Cremona",2,0,2,10.1940419,45.16761765
"421","Cigognola","Pavia",18,18,18,9.24377127,45.03309465
"422","Cigole","Brescia",3,0,3,10.19136828,45.30993454
"423","Cilavegna","Pavia",24,24,24,8.74367717,45.3104294
"424","Cimbergo","Brescia",1,0,1,10.36307614,46.02385329
"425","Cingia de' Botti","Cremona",52,52,52,10.27527725,45.0841602
"426","Cinisello Balsamo","Milano",220,220,220,9.21357368,45.55836354
"427","Cino","Sondrio",1,0,1,9.48531084,46.15842853
"428","Cirimido","Como",3,0,3,9.01108636,45.69881381
"429","Cisano Bergamasco","Bergamo",38,38,38,9.47436152,45.74238525
"430","Ciserano","Bergamo",40,40,40,9.60072632,45.58667048
"431","Cislago","Varese",14,3,14,8.97062131,45.66174873
"432","Cisliano","Milano",7,0,7,8.9860794,45.44604503
"433","Cittiglio","Varese",10,0,10,8.66871307,45.8946628
"434","Civate","Lecco",24,24,24,9.34739938,45.82585276
"435","Cividate al Piano","Bergamo",76,76,76,9.8297951,45.55425697
"436","Cividate Camuno","Brescia",14,14,14,10.27954747,45.94348981
"437","Civo","Sondrio",3,0,3,9.58121409,46.15634566
"438","Claino con Osteno","Como",2,0,2,9.08434077,46.00691802
"439","Clivio","Varese",4,0,4,8.93358998,45.86445858
"440","Clusone","Bergamo",184,184,184,9.94697311,45.89156953
"441","Coccaglio","Brescia",86,86,86,9.97696104,45.56238459
"442","Cocquio-Trevisago","Varese",14,14,14,8.6965465,45.85787962
"443","Codevilla","Pavia",3,0,3,9.05549504,44.96399925
"444","Codogno","Lodi",228,228,228,9.70319172,45.16002706
"445","Cogliate","Monza e della Brianza",12,12,12,9.08184646,45.645753
"446","Colere","Bergamo",3,0,3,10.08572191,45.97390225
"447","Colico","Lecco",30,30,30,9.37501095,46.13383442
"448","Colle Brianza","Lecco",2,0,2,9.36590868,45.76169384
"449","Collebeato","Brescia",32,32,32,10.21388771,45.58567193
"450","Collio","Brescia",10,10,10,10.33333286,45.81116683
"451","Cologne","Brescia",58,58,58,9.94305337,45.58560661
"452","Cologno al Serio","Bergamo",16,4,16,9.70610192,45.57940957
"453","Cologno Monzese","Milano",180,180,180,9.27516655,45.52979668
"454","Colonno","Como",0,0,0,9.15409988,45.95773383
"455","Colorina","Sondrio",3,0,3,9.7334632,46.15184527
"456","Colturano","Milano",2,0,2,9.34922924,45.38189911
"457","Colverde","Como",12,12,12,9.00494,45.8105
"458","Colzate","Bergamo",16,16,16,9.85631135,45.81595823
"459","Comabbio","Varese",2,0,2,8.67466593,45.77263671
"460","Comazzo","Lodi",2,0,2,9.46396154,45.44065289
"461","Comerio","Varese",12,12,12,8.74709374,45.8426223
"462","Comezzano-Cizzago","Brescia",7,1,7,9.94904429,45.47259447
"463","Commessaggio","Mantova",3,0,3,10.54534234,45.03460205
"464","Como","Como",280,280,280,9.08515955,45.8099912
"465","Comun Nuovo","Bergamo",32,32,32,9.66473652,45.62325078
"466","Concesio","Brescia",80,80,80,10.21846104,45.60437212
"467","Concorezzo","Monza e della Brianza",66,66,66,9.33865795,45.59105589
"468","Confienza","Pavia",4,0,4,8.55760228,45.33191517
"469","Copiano","Pavia",4,0,4,9.32090675,45.19747789
"470","Corana","Pavia",2,0,2,8.96949055,45.06288562
"471","Corbetta","Milano",44,44,44,8.92189794,45.46753305
"472","Cormano","Milano",110,110,110,9.17254222,45.54301244
"473","Corna Imagna","Bergamo",1,0,1,9.5444751,45.83152482
"474","Cornalba","Bergamo",2,0,2,9.7446448,45.85024428
"475","Cornale e Bastida","Pavia",2,0,2,8.91089,45.0439
"476","Cornaredo","Milano",38,38,38,9.02583153,45.50196836
"477","Cornate d'Adda","Monza e della Brianza",56,56,56,9.46388698,45.64875974
"478","Cornegliano Laudense","Lodi",3,0,3,9.47244994,45.28440382
"479","Corno Giovine","Lodi",24,24,24,9.75575331,45.13316732
"480","Cornovecchio","Lodi",0,0,0,9.79762322,45.1361358
"481","Correzzana","Monza e della Brianza",3,0,3,9.30446354,45.66785439
"482","Corrido","Como",1,0,1,9.13701384,46.04741939
"483","Corsico","Milano",90,90,90,9.10863096,45.43184871
"484","Corte de' Cortesi con Cignone","Cremona",1,0,1,10.00735107,45.27264649
"485","Corte de' Frati","Cremona",3,0,3,10.09695797,45.22006346
"486","Corte Franca","Brescia",54,54,54,10.0069824,45.63719867
"487","Corte Palasio","Lodi",2,0,2,9.56277245,45.31328084
"488","Corteno Golgi","Brescia",22,22,22,10.24224115,46.16596898
"489","Cortenova","Lecco",2,0,2,9.38375114,45.99971959
"490","Cortenuova","Bergamo",20,20,20,9.78579765,45.5386253
"491","Corteolona e Genzone","Pavia",14,14,14,9.3704,45.1588
"492","Corvino San Quirico","Pavia",5,0,5,9.15892253,45.01556343
"493","Corzano","Brescia",3,0,3,10.00779086,45.4442463
"494","Cosio Valtellino","Sondrio",10,10,10,9.54986826,46.13038313
"495","Costa de' Nobili","Pavia",1,0,1,9.37878994,45.13242075
"496","Costa di Mezzate","Bergamo",3,0,3,9.79445546,45.66292809
"497","Costa Masnaga","Lecco",34,34,34,9.27629819,45.76962292
"498","Costa Serina","Bergamo",3,0,3,9.73922304,45.83100576
"499","Costa Valle Imagna","Bergamo",2,0,2,9.5056612,45.80079491
"500","Costa Volpino","Bergamo",104,104,104,10.09399319,45.82794219
"501","Covo","Bergamo",8,0,8,9.76854314,45.50113193
"502","Cozzo","Pavia",2,0,2,8.61109735,45.19212476
"503","Crandola Valsassina","Lecco",2,0,2,9.38010344,46.02218424
"504","Credaro","Bergamo",28,28,28,9.92901266,45.65844869
"505","Credera Rubbiano","Cremona",3,0,3,9.65512749,45.30286286
"506","Crema","Cremona",322,322,322,9.6873619,45.36329144
"507","Cremella","Lecco",4,0,4,9.30340979,45.73994321
"508","Cremenaga","Varese",3,0,3,8.80659213,45.98924397
"509","Cremeno","Lecco",3,0,3,9.47362557,45.93336923
"510","Cremia","Como",2,0,2,9.2707257,46.0857975
"511","Cremona","Cremona",728,728,728,10.02420865,45.13336675
"512","Cremosano","Cremona",4,0,4,9.64028087,45.3957885
"513","Crespiatica","Lodi",18,18,18,9.57460944,45.35705659
"514","Crosio della Valle","Varese",0,0,0,8.76756905,45.76163488
"515","Crotta d'Adda","Cremona",2,0,2,9.85252768,45.16136831
"516","Cuasso al Monte","Varese",5,0,5,8.8798154,45.91440418
"517","Cucciago","Como",4,0,4,9.09150332,45.73888869
"518","Cuggiono","Milano",36,36,36,8.82157381,45.50692962
"519","Cugliate-Fabiasco","Varese",3,1,3,8.82065422,45.94703032
"520","Cumignano sul Naviglio","Cremona",0,0,0,9.83631833,45.35455461
"521","Cunardo","Varese",4,0,4,8.80225408,45.93781498
"522","Cura Carpignano","Pavia",10,10,10,9.25707038,45.21179419
"523","Curiglia con Monteviasco","Varese",0,0,0,8.8048167,46.06064966
"524","Curno","Bergamo",60,60,60,9.61132252,45.69154232
"525","Curtatone","Mantova",40,40,40,10.7162709,45.13376694
"526","Cusago","Milano",6,0,6,9.03350632,45.44666694
"527","Cusano Milanino","Milano",62,62,62,9.18157036,45.55073318
"528","Cusino","Como",1,0,1,9.15275144,46.07437799
"529","Cusio","Bergamo",0,0,0,9.6034789,45.98943086
"530","Cuveglio","Varese",6,1,6,8.73583523,45.90596577
"531","Cuvio","Varese",6,0,6,8.73138709,45.89803114
"532","Dairago","Milano",22,22,22,8.86615879,45.56810463
"533","Dalmine","Bergamo",252,252,252,9.60117345,45.64796557
"534","Darfo Boario Terme","Brescia",136,136,136,10.18048381,45.88347362
"535","Daverio","Varese",3,0,3,8.77150586,45.77710951
"536","Dazio","Sondrio",1,0,1,9.60020195,46.16072439
"537","Delebio","Sondrio",8,8,8,9.45925496,46.1371564
"538","Dello","Brescia",30,30,30,10.07977147,45.41654998
"539","Derovere","Cremona",0,0,0,10.24830654,45.11014217
"540","Dervio","Lecco",7,1,7,9.30672896,46.07707832
"541","Desenzano del Garda","Brescia",158,158,158,10.5415883,45.46858257
"542","Desio","Monza e della Brianza",82,82,82,9.20882654,45.62011658
"543","Dizzasco","Como",3,0,3,9.10146455,45.94387236
"544","Dolzago","Lecco",5,0,5,9.34365014,45.76837239
"545","Domaso","Como",4,0,4,9.32846683,46.15194609
"546","Dongo","Como",8,8,8,9.27949844,46.12302711
"547","Dorio","Lecco",1,0,1,9.31936763,46.1017344
"548","Dorno","Pavia",17,0,17,8.95195475,45.15485373
"549","Dosolo","Mantova",36,36,36,10.64141144,44.95374837
"550","Dossena","Bergamo",2,0,2,9.69696495,45.87917249
"551","Dosso del Liro","Como",0,0,0,9.27369623,46.16368321
"552","Dovera","Cremona",24,24,24,9.5381977,45.36350267
"553","Dresano","Milano",12,12,12,9.36121873,45.37386953
"554","Dubino","Sondrio",10,0,10,9.46088113,46.15299771
"555","Dumenza","Varese",2,0,2,8.78485575,46.02277146
"556","Duno","Varese",0,0,0,8.73854155,45.91405764
"557","Edolo","Brescia",9,0,9,10.33711194,46.1782314
"558","Ello","Lecco",1,0,1,9.36569195,45.78781576
"559","Endine Gaiano","Bergamo",8,2,8,9.9764931,45.79018606
"560","Entratico","Bergamo",3,0,3,9.87476548,45.70548346
"561","Erba","Como",42,42,42,9.22318311,45.81193507
"562","Erbusco","Brescia",12,5,12,9.97324124,45.59951824
"563","Erve","Lecco",2,0,2,9.44559378,45.82074408
"564","Esine","Brescia",10,2,10,10.25917638,45.92401953
"565","Esino Lario","Lecco",2,0,2,9.33536596,45.99492366
"566","Eupilio","Como",3,0,3,9.26770263,45.81692297
"567","Faedo Valtellino","Sondrio",1,0,1,9.90632697,46.15308224
"568","Faggeto Lario","Como",2,0,2,9.15983766,45.85807982
"569","Fagnano Olona","Varese",26,26,26,8.87410817,45.66960007
"570","Faloppio","Como",6,0,6,8.96320128,45.81217463
"571","Fara Gera d'Adda","Bergamo",38,38,38,9.53074769,45.55086391
"572","Fara Olivana con Sola","Bergamo",3,0,3,9.74973966,45.49516206
"573","Fenegrò","Como",5,0,5,9.00273087,45.70159962
"574","Ferno","Varese",14,2,14,8.75884994,45.61026875
"575","Ferrera di Varese","Varese",0,0,0,8.78818329,45.93232904
"576","Ferrera Erbognone","Pavia",6,0,6,8.86376906,45.11328526
"577","Fiesco","Cremona",2,0,2,9.77855341,45.33639762
"578","Fiesse","Brescia",5,0,5,10.32170366,45.23334134
"579","Figino Serenza","Como",16,16,16,9.12719392,45.71163141
"580","Filago","Bergamo",5,0,5,9.55385295,45.6362699
"581","Filighera","Pavia",3,0,3,9.31407227,45.17734084
"582","Fino del Monte","Bergamo",2,0,2,9.99215462,45.8904533
"583","Fino Mornasco","Como",17,1,17,9.04857887,45.74611655
"584","Fiorano al Serio","Bergamo",76,76,76,9.84166374,45.79948279
"585","Flero","Brescia",42,42,42,10.17589208,45.48235605
"586","Fombio","Lodi",30,30,30,9.6835988,45.13679397
"587","Fontanella","Bergamo",11,3,11,9.80044757,45.47222286
"588","Fonteno","Bergamo",20,20,20,10.01921554,45.75786413
"589","Forcola","Sondrio",3,0,3,9.66106927,46.15823034
"590","Foresto Sparso","Bergamo",30,30,30,9.91367871,45.69511225
"591","Formigara","Cremona",2,0,2,9.77073788,45.22306217
"592","Fornovo San Giovanni","Bergamo",6,1,6,9.67510261,45.49614791
"593","Fortunago","Pavia",1,0,1,9.18468553,44.92159589
"594","Frascarolo","Pavia",3,0,3,8.68279849,45.04690209
"595","Fuipiano Valle Imagna","Bergamo",0,0,0,9.52497381,45.85710204
"596","Fusine","Sondrio",1,0,1,9.75010748,46.14946685
"597","Gabbioneta-Binanuova","Cremona",1,0,1,10.2216801,45.21581505
"598","Gadesco-Pieve Delmona","Cremona",3,0,3,10.11603436,45.15529613
"599","Gaggiano","Milano",18,18,18,9.03451722,45.40571729
"600","Galbiate","Lecco",44,44,44,9.37443985,45.81434886
"601","Galgagnano","Lodi",1,0,1,9.44295797,45.35787967
"602","Gallarate","Varese",115,75,115,8.79329925,45.66018302
"603","Galliate Lombardo","Varese",1,0,1,8.76853346,45.78629177
"604","Galliavola","Pavia",1,0,1,8.81862618,45.09718401
"605","Gambara","Brescia",22,22,22,10.29778932,45.25386029
"606","Gambarana","Pavia",1,0,1,8.76279748,45.02873481
"607","Gambolò","Pavia",48,48,48,8.8615853,45.24979779
"608","Gandellino","Bergamo",20,20,20,9.94595319,45.99065651
"609","Gandino","Bergamo",110,110,110,9.90400497,45.81128887
"610","Gandosso","Bergamo",16,16,16,9.88989631,45.66236043
"611","Garbagnate Milanese","Milano",66,66,66,9.07748677,45.57560674
"612","Garbagnate Monastero","Lecco",2,0,2,9.3026694,45.77238143
"613","Gardone Riviera","Brescia",7,0,7,10.55799486,45.62009093
"614","Gardone Val Trompia","Brescia",88,88,88,10.18222299,45.68909413
"615","Gargnano","Brescia",8,8,8,10.65994462,45.68981041
"616","Garlasco","Pavia",32,16,32,8.92353757,45.1963838
"617","Garlate","Lecco",3,0,3,9.40408793,45.80427241
"618","Garzeno","Como",3,0,3,9.24985634,46.13409064
"619","Gavardo","Brescia",52,52,52,10.43467889,45.58673467
"620","Gaverina Terme","Bergamo",3,0,3,9.88615741,45.75834161
"621","Gavirate","Varese",27,2,27,8.72477105,45.84113211
"622","Gazoldo degli Ippoliti","Mantova",12,12,12,10.57957827,45.19989216
"623","Gazzada Schianno","Varese",7,0,7,8.82558358,45.78025066
"624","Gazzaniga","Bergamo",134,134,134,9.83572599,45.79743158
"625","Gazzuolo","Mantova",9,0,9,10.58184611,45.06885217
"626","Gemonio","Varese",6,0,6,8.67884895,45.87741982
"627","Genivolta","Cremona",3,0,3,9.87778112,45.33487444
"628","Gera Lario","Como",2,0,2,9.37110185,46.17062506
"629","Gerenzago","Pavia",1,0,1,9.36220485,45.20355606
"630","Gerenzano","Varese",14,4,14,8.99858062,45.63843744
"631","Germignaga","Varese",10,10,10,8.72680431,45.99340192
"632","Gerola Alta","Sondrio",0,0,0,9.55022548,46.06002756
"633","Gerre de' Caprioli","Cremona",3,0,3,10.03838081,45.10680778
"634","Gessate","Milano",40,40,40,9.43675493,45.55548598
"635","Ghedi","Brescia",30,14,30,10.27692536,45.40219778
"636","Ghisalba","Bergamo",38,38,38,9.75443504,45.59161982
"637","Gianico","Brescia",22,22,22,10.1839733,45.86531336
"638","Giussago","Pavia",18,18,18,9.13993742,45.28429328
"639","Giussano","Monza e della Brianza",60,60,60,9.20492999,45.6914208
"640","Godiasco Salice Terme","Pavia",14,14,14,9.05797207,44.89757219
"641","Goito","Mantova",74,74,74,10.67547029,45.25521903
"642","Golasecca","Varese",9,2,9,8.65509793,45.696857
"643","Golferenzo","Pavia",0,0,0,9.30696852,44.96175776
"644","Gombito","Cremona",3,0,3,9.7300216,45.26222878
"645","Gonzaga","Mantova",19,8,19,10.82119368,44.95474885
"646","Gordona","Sondrio",2,0,2,9.36858614,46.2916854
"647","Gorgonzola","Milano",54,54,54,9.40541159,45.53026195
"648","Gorla Maggiore","Varese",14,14,14,8.89352477,45.66609126
"649","Gorla Minore","Varese",24,24,24,8.89650863,45.64326093
"650","Gorlago","Bergamo",10,3,10,9.8291696,45.67653217
"651","Gorle","Bergamo",74,74,74,9.71877961,45.70242869
"652","Gornate Olona","Varese",4,0,4,8.85910112,45.73774934
"653","Gorno","Bergamo",26,26,26,9.84340028,45.86280091
"654","Gottolengo","Brescia",62,62,62,10.27151767,45.29173169
"655","Graffignana","Lodi",14,14,14,9.45327197,45.21132374
"656","Grandate","Como",12,12,12,9.05829996,45.7738937
"657","Grandola ed Uniti","Como",4,0,4,9.20713269,46.03131732
"658","Grantola","Varese",3,0,3,8.7707667,45.94960692
"659","Grassobbio","Bergamo",9,0,9,9.72770139,45.65483964
"660","Gravedona ed Uniti","Como",12,0,12,9.30622961,46.1481075
"661","Gravellona Lomellina","Pavia",50,50,50,8.76399625,45.3288489
"662","Grezzago","Milano",5,0,5,9.49442413,45.59197707
"663","Griante","Como",2,0,2,9.23500949,45.99694371
"664","Gromo","Bergamo",16,16,16,9.92990165,45.97038555
"665","Grone","Bergamo",3,0,3,9.90882163,45.7272125
"666","Grontardo","Cremona",2,0,2,10.15161743,45.20140495
"667","Gropello Cairoli","Pavia",62,62,62,8.99214762,45.17717695
"668","Grosio","Sondrio",22,22,22,10.27571813,46.29730226
"669","Grosotto","Sondrio",6,0,6,10.2571315,46.27878002
"670","Grumello Cremonese ed Uniti","Cremona",2,0,2,9.86736262,45.19324785
"671","Grumello del Monte","Bergamo",11,5,11,9.86977119,45.6340166
"672","Guanzate","Como",9,2,9,9.01094873,45.72431329
"673","Guardamiglio","Lodi",28,28,28,9.68130572,45.10906231
"674","Gudo Visconti","Milano",1,0,1,8.99924951,45.37320485
"675","Guidizzolo","Mantova",42,42,42,10.5835291,45.31803119
"676","Gussago","Brescia",94,94,94,10.15314832,45.59242495
"677","Gussola","Cremona",22,22,22,10.34635794,45.00988015
"678","Idro","Brescia",3,0,3,10.47401396,45.73701964
"679","Imbersago","Lecco",5,1,5,9.44460607,45.70528562
"680","Inarzo","Varese",1,0,1,8.7364261,45.78677616
"681","Incudine","Brescia",2,0,2,10.35819325,46.22211483
"682","Induno Olona","Varese",26,8,26,8.83856569,45.85196664
"683","Introbio","Lecco",5,0,5,9.45180466,45.9763063
"684","Inverigo","Como",24,24,24,9.21493527,45.7329273
"685","Inverno e Monteleone","Pavia",3,0,3,9.38426433,45.19858107
"686","Inveruno","Milano",34,34,34,8.85360485,45.51294461
"687","Inzago","Milano",42,42,42,9.48224972,45.54114755
"688","Iseo","Brescia",23,7,23,10.05004398,45.65982928
"689","Isola di Fondra","Bergamo",0,0,0,9.7475071,45.9807891
"690","Isola Dovarese","Cremona",16,16,16,10.31183922,45.17346097
"691","Isorella","Brescia",16,16,16,10.31665753,45.3075627
"692","Ispra","Varese",20,20,20,8.61026566,45.81617289
"693","Isso","Bergamo",1,0,1,9.75897489,45.476295
"694","Izano","Cremona",4,0,4,9.75509291,45.35573177
"695","Jerago con Orago","Varese",8,0,8,8.79253825,45.70524944
"696","La Valletta Brianza","Lecco",8,0,8,9.3641,45.7386
"697","Lacchiarella","Milano",17,11,17,9.13737385,45.32117579
"698","Laglio","Como",2,0,2,9.14007012,45.88352177
"699","Lainate","Milano",74,74,74,9.02714484,45.57145592
"700","Laino","Como",2,0,2,9.07385525,45.98329717
"701","Lallio","Bergamo",9,1,9,9.6268812,45.66731611
"702","Lambrugo","Como",6,0,6,9.24151448,45.75846534
"703","Landriano","Pavia",28,28,28,9.25958712,45.31128201
"704","Langosco","Pavia",2,0,2,8.56284388,45.21533301
"705","Lanzada","Sondrio",1,0,1,9.87391438,46.2693901
"706","Lardirago","Pavia",3,0,3,9.2343757,45.23543708
"707","Lasnigo","Como",1,0,1,9.26407017,45.88068666
"708","Lavena Ponte Tresa","Varese",11,2,11,8.86107511,45.96092516
"709","Laveno-Mombello","Varese",26,12,26,8.61535619,45.91578637
"710","Lavenone","Brescia",0,0,0,10.43796818,45.73901274
"711","Lazzate","Monza e della Brianza",11,0,11,9.08418935,45.66877588
"712","Lecco","Lecco",182,182,182,9.39339225,45.8557578
"713","Leffe","Bergamo",120,120,120,9.88525625,45.79979518
"714","Leggiuno","Varese",14,2,14,8.6193312,45.87562703
"715","Legnano","Milano",198,198,198,8.91854994,45.59413716
"716","Lenna","Bergamo",18,18,18,9.67730257,45.94318433
"717","Leno","Brescia",16,3,16,10.21741867,45.36749972
"718","Lentate sul Seveso","Monza e della Brianza",25,6,25,9.11924273,45.67821761
"719","Lesmo","Monza e della Brianza",6,0,6,9.30248056,45.64638161
"720","Levate","Bergamo",30,30,30,9.62447164,45.62522363
"721","Lezzeno","Como",9,0,9,9.19108571,45.94546302
"722","Lierna","Lecco",4,0,4,9.30693738,45.95614539
"723","Limbiate","Monza e della Brianza",68,68,68,9.12302747,45.60503375
"724","Limido Comasco","Como",7,0,7,8.98270779,45.68970324
"725","Limone sul Garda","Brescia",1,0,1,10.79290209,45.81333026
"726","Linarolo","Pavia",8,8,8,9.2678855,45.16021171
"727","Lipomo","Como",22,22,22,9.12147915,45.79479996
"728","Lirio","Pavia",0,0,0,9.25553586,44.99401253
"729","Liscate","Milano",5,0,5,9.40946947,45.48132241
"730","Lissone","Monza e della Brianza",126,126,126,9.24385612,45.61053451
"731","Livigno","Sondrio",4,0,4,10.13481042,46.53867334
"732","Livo","Como",0,0,0,9.30419652,46.16890738
"733","Livo","Como",0,0,0,11.01916869,46.40554978
"734","Livraga","Lodi",36,36,36,9.54480862,45.19263197
"735","Locate di Triulzi","Milano",34,34,34,9.22117365,45.35766067
"736","Locate Varesino","Como",9,0,9,8.93081757,45.69035206
"737","Locatello","Bergamo",0,0,0,9.53254936,45.83222039
"738","Lodi","Lodi",374,374,374,9.50372077,45.31440693
"739","Lodi Vecchio","Lodi",46,46,46,9.41484635,45.30071382
"740","Lodrino","Brescia",8,8,8,10.27760199,45.71774346
"741","Lograto","Brescia",36,36,36,10.0574385,45.48318568
"742","Lomagna","Lecco",16,16,16,9.37567172,45.66758561
"743","Lomazzo","Como",22,22,22,9.04014928,45.69902477
"744","Lomello","Pavia",12,12,12,8.79265237,45.12176665
"745","Lonate Ceppino","Varese",12,12,12,8.87627239,45.70528783
"746","Lonate Pozzolo","Varese",34,34,34,8.75237386,45.60005908
"747","Lonato del Garda","Brescia",90,90,90,10.48429285,45.46089172
"748","Longhena","Brescia",1,0,1,10.05965597,45.43814089
"749","Longone al Segrino","Como",1,0,1,9.25099763,45.81724782
"750","Losine","Brescia",1,0,1,10.31750867,45.98358956
"751","Lovere","Bergamo",58,58,58,10.07160122,45.81288555
"752","Lovero","Sondrio",1,0,1,10.23029598,46.23084025
"753","Lozio","Brescia",0,0,0,10.26089085,45.98563822
"754","Lozza","Varese",1,0,1,8.85705579,45.77548006
"755","Luino","Varese",37,22,37,8.74242933,46.00249108
"756","Luisago","Como",10,10,10,9.04345668,45.76121718
"757","Lumezzane","Brescia",102,102,102,10.261756,45.65014976
"758","Lungavilla","Pavia",12,12,12,9.0785878,45.04490566
"759","Lurago d'Erba","Como",14,14,14,9.22473624,45.75348513
"760","Lurago Marinone","Como",4,0,4,8.98394626,45.70780673
"761","Lurano","Bergamo",5,0,5,9.63944209,45.5650278
"762","Lurate Caccivio","Como",26,26,26,9.00067971,45.7655543
"763","Luvinate","Varese",1,0,1,8.77246432,45.83955502
"764","Luzzana","Bergamo",1,0,1,9.87986502,45.71597847
"765","Maccagno con Pino e Veddasca","Varese",8,8,8,8.74237,46.0426
"766","Macherio","Monza e della Brianza",28,28,28,9.27120605,45.64130613
"767","Maclodio","Brescia",2,0,2,10.04178291,45.47674013
"768","Madesimo","Sondrio",0,0,0,9.3441755,46.42815069
"769","Madignano","Cremona",28,28,28,9.72762376,45.34334663
"770","Madone","Bergamo",34,34,34,9.54994881,45.65199573
"771","Magasa","Brescia",1,0,1,10.6164034,45.78147613
"772","Magenta","Milano",64,64,64,8.8834256,45.46610604
"773","Magherno","Pavia",16,16,16,9.32949555,45.2224498
"774","Magnacavallo","Mantova",18,18,18,11.1847367,45.00462322
"775","Magnago","Milano",22,22,22,8.80052532,45.58059715
"776","Magreglio","Como",3,0,3,9.26189473,45.92002394
"777","Mairago","Lodi",6,0,6,9.57849814,45.2522616
"778","Mairano","Brescia",18,18,18,10.07630769,45.45020038
"779","Malagnino","Cremona",10,10,10,10.11422694,45.13494893
"780","Malegno","Brescia",14,14,14,10.2724111,45.95070971
"781","Maleo","Lodi",72,72,72,9.7645369,45.16820705
"782","Malgesso","Varese",2,0,2,8.6761411,45.82769458
"783","Malgrate","Lecco",8,0,8,9.3734067,45.85188226
"784","Malnate","Varese",37,0,37,8.88111094,45.79952624
"785","Malonno","Brescia",30,30,30,10.31478286,46.11866545
"786","Mandello del Lario","Lecco",38,38,38,9.31952487,45.91727086
"787","Manerba del Garda","Brescia",24,24,24,10.55142577,45.55009614
"788","Manerbio","Brescia",154,154,154,10.13902184,45.35430213
"789","Mantello","Sondrio",0,0,0,9.48804765,46.15290306
"790","Mantova","Mantova",192,192,192,10.79277363,45.15726772
"791","Mapello","Bergamo",14,14,14,9.54573257,45.70939829
"792","Marcallo con Casone","Milano",14,5,14,8.86750142,45.48437101
"793","Marcaria","Mantova",23,5,23,10.53358846,45.11961873
"794","Marcheno","Brescia",22,22,22,10.21419546,45.70599766
"795","Marchirolo","Varese",6,0,6,8.8357696,45.95158873
"796","Marcignago","Pavia",6,1,6,9.07736899,45.25435216
"797","Margno","Lecco",0,0,0,9.37998387,46.03048114
"798","Mariana Mantovana","Mantova",1,0,1,10.4876164,45.19403347
"799","Mariano Comense","Como",80,80,80,9.18251093,45.69709757
"800","Marmentino","Brescia",1,0,1,10.28194328,45.75282746
"801","Marmirolo","Mantova",24,24,24,10.75731353,45.22234005
"802","Marnate","Varese",11,2,11,8.90387061,45.62847701
"803","Marone","Brescia",24,24,24,10.09156211,45.73709034
"804","Martignana di Po","Cremona",8,8,8,10.37927438,45.01090343
"805","Martinengo","Bergamo",10,0,10,9.76736896,45.57167298
"806","Marudo","Lodi",3,0,3,9.374991,45.25255767
"807","Marzano","Pavia",0,0,0,9.29457635,45.247586
"808","Marzio","Varese",0,0,0,8.85776946,45.93784232
"809","Masate","Milano",12,12,12,9.46650825,45.56842201
"810","Masciago Primo","Varese",0,0,0,8.78080342,45.91642152
"811","Maslianico","Como",18,18,18,9.04846523,45.8425639
"812","Massalengo","Lodi",8,8,8,9.48985029,45.26351699
"813","Mazzano","Brescia",16,5,16,10.35979044,45.50360347
"814","Mazzo di Valtellina","Sondrio",3,0,3,10.25480299,46.25648281
"815","Meda","Monza e della Brianza",52,52,52,9.15527217,45.66155081
"816","Mede","Pavia",23,10,23,8.73661355,45.09693827
"817","Mediglia","Milano",152,152,152,9.32377394,45.40122623
"818","Medolago","Bergamo",5,0,5,9.49354197,45.67277395
"819","Medole","Mantova",10,0,10,10.50745401,45.32707278
"820","Melegnano","Milano",84,84,84,9.32425217,45.35753074
"821","Meleti","Lodi",1,0,1,9.83678055,45.11879786
"822","Mello","Sondrio",4,0,4,9.54426446,46.15462874
"823","Melzo","Milano",66,66,66,9.4239803,45.49793248
"824","Menaggio","Como",16,16,16,9.23891075,46.02110324
"825","Menconico","Pavia",5,0,5,9.27906118,44.79595014
"826","Merate","Lecco",28,14,28,9.41001487,45.69853645
"827","Mercallo","Varese",6,0,6,8.67210331,45.74672525
"828","Merlino","Lodi",2,0,2,9.42987934,45.43290041
"829","Merone","Como",4,0,4,9.2451163,45.78638465
"830","Mese","Sondrio",3,0,3,9.37945672,46.30445337
"831","Mesenzana","Varese",4,0,4,8.75881336,45.94701873
"832","Mesero","Milano",10,10,10,8.85387846,45.49826845
"833","Mezzago","Monza e della Brianza",24,24,24,9.43948055,45.62597039
"834","Mezzana Bigli","Pavia",5,0,5,8.84596057,45.06088008
"835","Mezzana Rabattone","Pavia",2,2,2,9.03229261,45.09470572
"836","Mezzanino","Pavia",3,0,3,9.20681323,45.12638643
"837","Mezzoldo","Bergamo",2,0,2,9.66566839,46.01220471
"838","Milano","Milano",3992,3992,3992,9.1903474,45.46679408
"839","Milzano","Brescia",3,0,3,10.20043867,45.27554151
"840","Miradolo Terme","Pavia",26,26,26,9.44317001,45.17163506
"841","Misano di Gera d'Adda","Bergamo",22,22,22,9.62059954,45.4685511
"842","Misinto","Monza e della Brianza",11,0,11,9.07747501,45.66463093
"843","Missaglia","Lecco",40,40,40,9.33430617,45.70851014
"844","Moggio","Lecco",2,0,2,9.49003943,45.93125375
"845","Moglia","Mantova",32,32,32,10.91192569,44.93033909
"846","Moio de' Calvi","Bergamo",1,0,1,9.70058412,45.95144174
"847","Molteno","Lecco",12,12,12,9.30658657,45.77706657
"848","Moltrasio","Como",5,1,5,9.09584337,45.85915189
"849","Monasterolo del Castello","Bergamo",2,0,2,9.93135584,45.76326118
"850","Monguzzo","Como",3,0,3,9.23216904,45.7828265
"851","Moniga del Garda","Brescia",20,20,20,10.53704308,45.53051675
"852","Monno","Brescia",0,0,0,10.33803738,46.21261535
"853","Montagna in Valtellina","Sondrio",18,18,18,9.90064979,46.17824643
"854","Montalto Pavese","Pavia",3,0,3,9.20733549,44.97961147
"855","Montanaso Lombardo","Lodi",6,6,6,9.46308821,45.33528152
"856","Montano Lucino","Como",9,1,9,9.0412798,45.78630139
"857","Monte Cremasco","Cremona",16,16,16,9.57285773,45.37223703
"858","Monte Isola","Brescia",6,0,6,10.07929693,45.71498601
"859","Monte Marenzo","Lecco",3,0,3,9.4535331,45.77093551
"860","Montebello della Battaglia","Pavia",16,16,16,9.10100735,44.99970083
"861","Montecalvo Versiggia","Pavia",0,0,0,9.28398668,44.97040409
"862","Montegrino Valtravaglia","Varese",3,0,3,8.76812149,45.97345415
"863","Montello","Bergamo",36,36,36,9.8050649,45.67091191
"864","Montemezzo","Como",1,0,1,9.3769807,46.17849115
"865","Montescano","Pavia",1,0,1,9.29733537,45.03180352
"866","Montesegale","Pavia",1,0,1,9.12689667,44.90637183
"867","Montevecchia","Lecco",3,0,3,9.38064669,45.70546046
"868","Monticelli Brusati","Brescia",4,0,4,10.09789844,45.63426021
"869","Monticelli Pavese","Pavia",1,0,1,9.51274019,45.11050666
"870","Monticello Brianza","Lecco",30,30,30,9.31503825,45.71068694
"871","Montichiari","Brescia",36,14,36,10.39528281,45.41224627
"872","Montirone","Brescia",36,36,36,10.23111054,45.44377294
"873","Montodine","Cremona",4,0,4,9.71079969,45.28626458
"874","Montorfano","Como",6,0,6,9.14449546,45.78540322
"875","Montù Beccaria","Pavia",20,20,20,9.31241837,45.03883483
"876","Monvalle","Varese",5,2,5,8.63204654,45.85759299
"877","Monza","Monza e della Brianza",412,412,412,9.27358247,45.58439043
"878","Monzambano","Mantova",8,8,8,10.69313808,45.38711484
"879","Morazzone","Varese",10,10,10,8.82937436,45.76916148
"880","Morbegno","Sondrio",52,52,52,9.56978082,46.13045582
"881","Morengo","Bergamo",6,0,6,9.7022097,45.53200212
"882","Morimondo","Milano",3,0,3,8.95607819,45.35379301
"883","Mornago","Varese",7,0,7,8.75239721,45.74759383
"884","Mornico al Serio","Bergamo",2,0,2,9.80871213,45.590549
"885","Mornico Losana","Pavia",1,0,1,9.20647093,45.00921957
"886","Mortara","Pavia",138,138,138,8.73806527,45.25183779
"887","Morterone","Lecco",0,0,0,9.4827586,45.87625364
"888","Moscazzano","Cremona",3,0,3,9.68132273,45.29357867
"889","Motta Baluffi","Cremona",10,10,10,10.25959107,45.05446451
"890","Motta Visconti","Milano",19,4,19,8.99299798,45.29019224
"891","Motteggiana","Mantova",4,4,4,10.76444048,45.03144077
"892","Mozzanica","Bergamo",24,24,24,9.69375604,45.47709603
"893","Mozzate","Como",13,4,13,8.95594336,45.67498965
"894","Mozzo","Bergamo",11,3,11,9.60902504,45.7001771
"895","Muggiò","Monza e della Brianza",30,18,30,9.22956006,45.59366403
"896","Mulazzano","Lodi",28,28,28,9.39792838,45.37214807
"897","Mura","Brescia",1,0,1,10.34201401,45.71306707
"898","Muscoline","Brescia",5,0,5,10.46032704,45.56438947
"899","Musso","Como",2,0,2,9.27367815,46.11081893
"900","Nave","Brescia",46,46,46,10.2790453,45.58467547
"901","Nembro","Bergamo",304,304,304,9.75892641,45.74353321
"902","Nerviano","Milano",38,19,38,8.97084999,45.55398759
"903","Nesso","Como",4,0,4,9.15900161,45.91072746
"904","Niardo","Brescia",4,0,4,10.33589978,45.97872723
"905","Nibionno","Lecco",6,0,6,9.26395748,45.75311856
"906","Nicorvo","Pavia",0,0,0,8.66718852,45.2851465
"907","Nosate","Milano",2,0,2,8.72646999,45.55078138
"908","Nova Milanese","Monza e della Brianza",86,86,86,9.20171692,45.58698631
"909","Novate Mezzola","Sondrio",6,2,6,9.4468224,46.22198251
"910","Novate Milanese","Milano",50,50,50,9.13588075,45.53282247
"911","Novedrate","Como",5,0,5,9.12348667,45.69757654
"912","Noviglio","Milano",14,14,14,9.07078309,45.35609013
"913","Nuvolento","Brescia",6,0,6,10.38327962,45.54783467
"914","Nuvolera","Brescia",8,8,8,10.37015909,45.53332556
"915","Odolo","Brescia",6,0,6,10.38824584,45.64856079
"916","Offanengo","Cremona",70,70,70,9.74131684,45.38160349
"917","Offlaga","Brescia",4,0,4,10.11630783,45.38652358
"918","Oggiona con Santo Stefano","Varese",9,0,9,8.81846582,45.69730244
"919","Oggiono","Lecco",18,6,18,9.3509846,45.7919073
"920","Olevano di Lomellina","Pavia",2,0,2,8.71747483,45.21321772
"921","Olgiate Comasco","Como",24,24,24,8.96748481,45.78582872
"922","Olgiate Molgora","Lecco",34,34,34,9.40299197,45.72978003
"923","Olgiate Olona","Varese",24,24,24,8.89079261,45.62776512
"924","Olginate","Lecco",30,30,30,9.41032434,45.80227987
"925","Oliva Gessi","Pavia",0,0,0,9.17362666,45.00533323
"926","Oliveto Lario","Lecco",4,0,4,9.28396721,45.92997974
"927","Olmeneta","Cremona",1,0,1,10.02474325,45.23446724
"928","Olmo al Brembo","Bergamo",1,0,1,9.64893935,45.96953727
"929","Oltre il Colle","Bergamo",18,18,18,9.76684312,45.89272446
"930","Oltressenda Alta","Bergamo",1,0,1,9.94421623,45.91448234
"931","Oltrona di San Mamette","Como",3,0,3,8.97597509,45.75805508
"932","Ome","Brescia",20,20,20,10.12416033,45.62489528
"933","Oneta","Bergamo",2,0,2,9.81927675,45.87142446
"934","Ono San Pietro","Brescia",2,0,2,10.32924402,46.01645153
"935","Onore","Bergamo",2,0,2,10.00997787,45.89257892
"936","Opera","Milano",23,6,23,9.21145887,45.37791048
"937","Origgio","Varese",14,0,14,9.01782113,45.59963152
"938","Orino","Varese",2,0,2,8.7129267,45.88178979
"939","Orio al Serio","Bergamo",4,0,4,9.69151337,45.67573293
"940","Orio Litta","Lodi",3,0,3,9.55531306,45.15721239
"941","Ornago","Monza e della Brianza",14,14,14,9.42200943,45.59832193
"942","Ornica","Bergamo",0,0,0,9.57845482,45.98891231
"943","Orsenigo","Como",3,0,3,9.18506195,45.77829952
"944","Orzinuovi","Brescia",200,200,200,9.92176686,45.4024979
"945","Orzivecchi","Brescia",34,34,34,9.96045414,45.42088848
"946","Osio Sopra","Bergamo",44,44,44,9.5919245,45.62977209
"947","Osio Sotto","Bergamo",126,126,126,9.59270829,45.61618219
"948","Osnago","Lecco",12,12,12,9.3880166,45.67573447
"949","Ospedaletto Lodigiano","Lodi",3,0,3,9.58096352,45.16922848
"950","Ospitaletto","Brescia",82,82,82,10.07517023,45.55686172
"951","Ossago Lodigiano","Lodi",2,0,2,9.53647968,45.2448653
"952","Ossimo","Brescia",3,0,3,10.22847608,45.94575301
"953","Ossona","Milano",12,12,12,8.89458275,45.50398861
"954","Ostiano","Cremona",28,28,28,10.24873256,45.22180341
"955","Ostiglia","Mantova",18,0,18,11.13143318,45.06890884
"956","Ottobiano","Pavia",24,24,24,8.8321528,45.15127105
"957","Ozzero","Milano",2,0,2,8.92292595,45.36877272
"958","Padenghe sul Garda","Brescia",20,20,20,10.508363,45.50945065
"959","Paderno d'Adda","Lecco",16,16,16,9.44739335,45.68024814
"960","Paderno Dugnano","Milano",88,59,88,9.16606767,45.5685516
"961","Paderno Franciacorta","Brescia",14,14,14,10.07776175,45.5904088
"962","Paderno Ponchielli","Cremona",14,14,14,9.92758336,45.23876047
"963","Pagazzano","Bergamo",16,16,16,9.67331479,45.53359411
"964","Pagnona","Lecco",1,0,1,9.40244417,46.05981895
"965","Paisco Loveno","Brescia",0,0,0,10.29275715,46.07887268
"966","Paitone","Brescia",5,1,5,10.39994355,45.55300477
"967","Paladina","Bergamo",52,52,52,9.60637977,45.72721062
"968","Palazzago","Bergamo",20,20,20,9.53730572,45.75122637
"969","Palazzo Pignano","Cremona",18,18,18,9.57793306,45.38905006
"970","Palazzolo sull'Oglio","Brescia",200,200,200,9.88582148,45.59847763
"971","Palestro","Pavia",3,0,3,8.53467742,45.30584066
"972","Palosco","Bergamo",74,74,74,9.83787414,45.58347493
"973","Pancarana","Pavia",2,0,2,9.05106462,45.07522925
"974","Pandino","Cremona",94,94,94,9.55269092,45.40668143
"975","Pantigliate","Milano",11,4,11,9.35392876,45.43969396
"976","Parabiago","Milano",66,66,66,8.95238691,45.55801413
"977","Paratico","Brescia",6,0,6,9.95761989,45.66159516
"978","Parona","Pavia",14,14,14,8.74981845,45.28261312
"979","Parre","Bergamo",5,0,5,9.89189745,45.87706854
"980","Parzanica","Bergamo",0,0,0,10.03589843,45.73811128
"981","Paspardo","Brescia",0,0,0,10.37106349,46.02986988
"982","Passirano","Brescia",52,52,52,10.06402728,45.59815323
"983","Pasturo","Lecco",3,0,3,9.44344209,45.95138347
"984","Paullo","Milano",48,48,48,9.39939608,45.41702165
"985","Pavia","Pavia",280,280,280,9.16015719,45.18509264
"986","Pavone del Mella","Brescia",7,0,7,10.20804853,45.30332169
"987","Pedrengo","Bergamo",80,80,80,9.7341355,45.69842976
"988","Pegognaga","Mantova",30,30,30,10.85904901,44.99610137
"989","Peia","Bergamo",36,36,36,9.8970755,45.79967397
"990","Perledo","Lecco",4,0,4,9.29557182,46.01528711
"991","Pero","Milano",19,7,19,9.08902213,45.51080482
"992","Persico Dosimo","Cremona",3,0,3,10.10335531,45.18462151
"993","Pertica Alta","Brescia",3,0,3,10.34429218,45.74264899
"994","Pertica Bassa","Brescia",1,0,1,10.37304046,45.75333445
"995","Pescarolo ed Uniti","Cremona",4,0,4,10.18509595,45.19704222
"996","Pescate","Lecco",2,0,2,9.3945408,45.82997355
"997","Peschiera Borromeo","Milano",82,82,82,9.31109409,45.43176867
"998","Pessano con Bornago","Milano",50,50,50,9.38762275,45.55027632
"999","Pessina Cremonese","Cremona",1,0,1,10.24812085,45.18504294
"1000","Pezzaze","Brescia",14,14,14,10.23921621,45.77493143
"1001","Pian Camuno","Brescia",22,22,22,10.15748085,45.8437174
"1002","Piancogno","Brescia",40,40,40,10.22051406,45.91880417
"1003","Pianello del Lario","Como",3,0,3,9.27647456,46.10038478
"1004","Pianengo","Cremona",14,14,14,9.69280925,45.40046685
"1005","Pianico","Bergamo",2,0,2,10.04353627,45.81099519
"1006","Piantedo","Sondrio",3,0,3,9.43150447,46.13392594
"1007","Piario","Bergamo",2,0,2,9.92643911,45.89596376
"1008","Piateda","Sondrio",7,0,7,9.93888683,46.15975234
"1009","Piazza Brembana","Bergamo",6,2,6,9.67734981,45.94631547
"1010","Piazzatorre","Bergamo",1,0,1,9.68557205,45.99001243
"1011","Piazzolo","Bergamo",0,0,0,9.67228091,45.97907415
"1012","Pieranica","Cremona",3,0,3,9.61072341,45.42516414
"1013","Pietra de' Giorgi","Pavia",2,0,2,9.22976461,45.0208258
"1014","Pieve Albignola","Pavia",1,0,1,8.96031338,45.11312662
"1015","Pieve d'Olmi","Cremona",3,0,3,10.12205833,45.09182746
"1016","Pieve del Cairo","Pavia",10,10,10,8.80510102,45.04897446
"1017","Pieve Emanuele","Milano",18,6,18,9.19968696,45.35117871
"1018","Pieve Fissiraga","Lodi",1,0,1,9.45925148,45.2626919
"1019","Pieve Porto Morone","Pavia",16,16,16,9.43845739,45.11250986
"1020","Pieve San Giacomo","Cremona",2,0,2,10.18674451,45.12808126
"1021","Pinarolo Po","Pavia",22,22,22,9.1648143,45.06602995
"1022","Pioltello","Milano",128,128,128,9.32813782,45.49677508
"1023","Pisogne","Brescia",72,72,72,10.10889801,45.80480282
"1024","Piubega","Mantova",5,0,5,10.53502787,45.2275724
"1025","Piuro","Sondrio",12,12,12,9.4208521,46.32946842
"1026","Pizzale","Pavia",1,0,1,9.04731478,45.03431401
"1027","Pizzighettone","Cremona",90,90,90,9.78313165,45.18664763
"1028","Plesio","Como",0,0,0,9.22786354,46.04417749
"1029","Poggio Rusco","Mantova",17,4,17,11.11882241,44.97742721
"1030","Poggiridenti","Sondrio",4,0,4,9.92865687,46.17586738
"1031","Pogliano Milanese","Milano",32,32,32,8.99355069,45.53725726
"1032","Pognana Lario","Como",2,0,2,9.15783719,45.87739682
"1033","Pognano","Bergamo",3,0,3,9.6419947,45.58590063
"1034","Polaveno","Brescia",6,2,6,10.12424826,45.66119599
"1035","Polpenazze del Garda","Brescia",4,1,4,10.50463489,45.5471873
"1036","Pompiano","Brescia",22,22,22,9.9871549,45.43278121
"1037","Pomponesco","Mantova",8,2,8,10.59041521,44.92807036
"1038","Poncarale","Brescia",34,34,34,10.17396244,45.46051196
"1039","Ponna","Como",1,0,1,9.09401197,45.98963883
"1040","Ponte di Legno","Brescia",16,16,16,10.5114586,46.25647207
"1041","Ponte in Valtellina","Sondrio",12,12,12,9.97748966,46.17438989
"1042","Ponte Lambro","Como",10,10,10,9.22491745,45.82699345
"1043","Ponte Nizza","Pavia",3,1,3,9.09737005,44.85187405
"1044","Ponte Nossa","Bergamo",4,1,4,9.88739539,45.86954276
"1045","Ponte San Pietro","Bergamo",160,160,160,9.5869042,45.69898952
"1046","Ponteranica","Bergamo",58,58,58,9.6547591,45.73073708
"1047","Pontevico","Brescia",15,3,15,10.08503009,45.27359729
"1048","Ponti sul Mincio","Mantova",1,0,1,10.68746271,45.41155546
"1049","Pontida","Bergamo",34,34,34,9.50045312,45.73147772
"1050","Pontirolo Nuovo","Bergamo",10,0,10,9.56780777,45.5686725
"1051","Pontoglio","Brescia",68,68,68,9.85265228,45.57062305
"1052","Porlezza","Como",16,16,16,9.11981421,46.03641282
"1053","Portalbera","Pavia",3,0,3,9.32259546,45.0994069
"1054","Porto Ceresio","Varese",14,14,14,8.90627938,45.90401736
"1055","Porto Mantovano","Mantova",46,46,46,10.79001314,45.18877514
"1056","Porto Valtravaglia","Varese",6,2,6,8.68034374,45.96082147
"1057","Postalesio","Sondrio",3,0,3,9.77656146,46.17378415
"1058","Pozzaglio ed Uniti","Cremona",3,0,3,10.04846986,45.20096583
"1059","Pozzo d'Adda","Milano",6,0,6,9.49955002,45.57394857
"1060","Pozzolengo","Brescia",24,24,24,10.62709464,45.40285678
"1061","Pozzuolo Martesana","Milano",10,3,10,9.45199534,45.51240233
"1062","Pradalunga","Bergamo",90,90,90,9.78432737,45.74796639
"1063","Pralboino","Brescia",6,0,6,10.21488169,45.26809429
"1064","Prata Camportaccio","Sondrio",9,0,9,9.39499831,46.30639156
"1065","Predore","Bergamo",34,34,34,10.01950385,45.68066321
"1066","Pregnana Milanese","Milano",11,0,11,9.01001946,45.51743762
"1067","Premana","Lecco",4,0,4,9.42310564,46.05223653
"1068","Premolo","Bergamo",3,0,3,9.8753348,45.86859604
"1069","Preseglie","Brescia",4,0,4,10.3929298,45.66534492
"1070","Presezzo","Bergamo",40,40,40,9.56670539,45.69162228
"1071","Prevalle","Brescia",26,26,26,10.42121638,45.54705532
"1072","Primaluna","Lecco",3,0,3,9.42946587,45.98688109
"1073","Proserpio","Como",2,0,2,9.24886541,45.82765082
"1074","Provaglio d'Iseo","Brescia",12,5,12,10.04214968,45.63777633
"1075","Provaglio Val Sabbia","Brescia",1,0,1,10.43392813,45.68857672
"1076","Pumenengo","Bergamo",1,0,1,9.86772503,45.48030174
"1077","Pusiano","Como",1,0,1,9.28214374,45.8147783
"1078","Quingentole","Mantova",3,0,3,11.04575205,45.0398812
"1079","Quintano","Cremona",1,0,1,9.61843663,45.42024179
"1080","Quinzano d'Oglio","Brescia",110,110,110,10.00872258,45.31368546
"1081","Quistello","Mantova",28,28,28,10.98043645,45.00906722
"1082","Rancio Valcuvia","Varese",1,0,1,8.77019605,45.91632586
"1083","Ranco","Varese",3,0,3,8.57472943,45.79845478
"1084","Ranica","Bergamo",52,52,52,9.71460508,45.72696442
"1085","Ranzanico","Bergamo",3,0,3,9.93612409,45.78860457
"1086","Rea","Pavia",2,0,2,9.15434003,45.11386906
"1087","Redavalle","Pavia",3,0,3,9.20401766,45.03773197
"1088","Redondesco","Mantova",4,0,4,10.51284971,45.16667057
"1089","Remedello","Brescia",9,2,9,10.37196398,45.27889584
"1090","Renate","Monza e della Brianza",5,0,5,9.28467408,45.72266094
"1091","Rescaldina","Milano",27,7,27,8.94754597,45.61654739
"1092","Retorbido","Pavia",8,8,8,9.03634536,44.94922806
"1093","Rezzago","Como",0,0,0,9.2486021,45.8667268
"1094","Rezzato","Brescia",68,68,68,10.31849233,45.51341274
"1095","Rho","Milano",168,168,168,9.04021698,45.52890587
"1096","Ricengo","Cremona",3,0,3,9.72366022,45.40554807
"1097","Ripalta Arpina","Cremona",2,0,2,9.72730407,45.30163222
"1098","Ripalta Cremasca","Cremona",24,24,24,9.69085968,45.33548635
"1099","Ripalta Guerina","Cremona",1,0,1,9.70454366,45.30599095
"1100","Riva di Solto","Bergamo",1,0,1,10.03938351,45.77417492
"1101","Rivanazzano Terme","Pavia",14,14,14,9.01644721,44.93053102
"1102","Rivarolo del Re ed Uniti","Cremona",6,6,6,10.4687891,45.0278583
"1103","Rivarolo Mantovano","Mantova",26,26,26,10.43101188,45.07056103
"1104","Rivolta d'Adda","Cremona",56,56,56,9.51356807,45.46963995
"1105","Robbiate","Lecco",26,26,26,9.4398135,45.68882431
"1106","Robbio","Pavia",20,20,20,8.5939575,45.28911604
"1107","Robecchetto con Induno","Milano",8,0,8,8.76291649,45.53494485
"1108","Robecco d'Oglio","Cremona",8,0,8,10.07860016,45.26006795
"1109","Robecco Pavese","Pavia",0,0,0,9.14865428,45.04842105
"1110","Robecco sul Naviglio","Milano",18,18,18,8.8904062,45.43756541
"1111","Rocca Susella","Pavia",2,0,2,9.09596542,44.91275863
"1112","Roccafranca","Brescia",40,40,40,9.9119846,45.46414262
"1113","Rodano","Milano",8,8,8,9.35708365,45.47318177
"1114","Rodengo Saiano","Brescia",15,5,15,10.10929589,45.6005875
"1115","Rodero","Como",1,0,1,8.91338826,45.82263059
"1116","Rodigo","Mantova",24,24,24,10.62430268,45.19935682
"1117","Roè Volciano","Brescia",20,20,20,10.49404,45.62400951
"1118","Rogeno","Lecco",10,10,10,9.26696362,45.78331911
"1119","Rogno","Bergamo",7,0,7,10.13343949,45.85782003
"1120","Rogolo","Sondrio",1,0,1,9.48792786,46.13629947
"1121","Romagnese","Pavia",16,16,16,9.3294808,44.83722972
"1122","Romanengo","Cremona",42,42,42,9.78545791,45.37734979
"1123","Romano di Lombardia","Bergamo",188,188,188,9.75316933,45.51945126
"1124","Ronago","Como",1,0,1,8.98249961,45.82976518
"1125","Roncadelle","Brescia",72,72,72,10.1513087,45.5280621
"1126","Roncaro","Pavia",2,0,2,9.27692361,45.22572761
"1127","Roncello","Monza e della Brianza",6,0,6,9.45696238,45.60488013
"1128","Ronco Briantino","Monza e della Brianza",14,14,14,9.4007211,45.66777504
"1129","Roncobello","Bergamo",3,0,3,9.74782375,45.95643792
"1130","Roncoferraro","Mantova",28,28,28,10.95100592,45.13324175
"1131","Roncola","Bergamo",0,0,0,9.56102894,45.76925026
"1132","Rosasco","Pavia",4,0,4,8.57927243,45.25030244
"1133","Rosate","Milano",16,16,16,9.01680511,45.3483508
"1134","Rota d'Imagna","Bergamo",14,14,14,9.51152824,45.83414786
"1135","Rovato","Brescia",28,10,28,9.99763789,45.56808537
"1136","Rovellasca","Como",17,7,17,9.0522964,45.66794466
"1137","Rovello Porro","Como",14,0,14,9.03981948,45.65439932
"1138","Roverbella","Mantova",30,30,30,10.76451212,45.26503872
"1139","Rovescala","Pavia",4,0,4,9.35012702,45.01374627
"1140","Rovetta","Bergamo",8,0,8,9.98490261,45.89111129
"1141","Rozzano","Milano",144,144,144,9.15292695,45.38101963
"1142","Rudiano","Brescia",6,0,6,9.88423225,45.4885185
"1143","Sabbio Chiese","Brescia",24,24,24,10.41553263,45.65676279
"1144","Sabbioneta","Mantova",24,24,24,10.48991359,44.99975993
"1145","Sala Comacina","Como",16,16,16,9.16599583,45.9642622
"1146","Sale Marasino","Brescia",60,60,60,10.11288737,45.71409232
"1147","Salerano sul Lambro","Lodi",3,0,3,9.38568468,45.29456749
"1148","Salò","Brescia",52,52,52,10.5323114,45.60713769
"1149","Saltrio","Varese",10,10,10,8.92438188,45.87355994
"1150","Salvirola","Cremona",1,0,1,9.78035753,45.35457978
"1151","Samarate","Varese",25,14,25,8.78259875,45.63092833
"1152","Samolaco","Sondrio",7,0,7,9.39512316,46.24421886
"1153","San Bartolomeo Val Cavargna","Como",2,0,2,9.14622273,46.08250497
"1154","San Bassano","Cremona",18,18,18,9.81348816,45.24650968
"1155","San Benedetto Po","Mantova",36,36,36,10.92848767,45.04107354
"1156","San Cipriano Po","Pavia",2,0,2,9.2808622,45.10908756
"1157","San Colombano al Lambro","Milano",70,70,70,9.48925035,45.18132946
"1158","San Damiano al Colle","Pavia",1,0,1,9.34857225,45.0271211
"1159","San Daniele Po","Cremona",10,10,10,10.17634391,45.06726612
"1160","San Donato Milanese","Milano",94,94,94,9.26614911,45.4169621
"1161","San Felice del Benaco","Brescia",12,12,12,10.55377221,45.58275139
"1162","San Fermo della Battaglia","Como",14,0,14,9.0485,45.8096
"1163","San Fiorano","Lodi",16,16,16,9.72191772,45.13593789
"1164","San Genesio ed Uniti","Pavia",8,8,8,9.17987326,45.232849
"1165","San Gervasio Bresciano","Brescia",20,20,20,10.14967036,45.30601971
"1166","San Giacomo delle Segnate","Mantova",6,2,6,11.03316413,44.97181021
"1167","San Giacomo Filippo","Sondrio",0,0,0,9.37042769,46.33714147
"1168","San Giorgio di Lomellina","Pavia",4,0,4,8.79111791,45.17380714
"1169","San Giorgio su Legnano","Milano",22,22,22,8.9164757,45.57653352
"1170","San Giovanni Bianco","Bergamo",94,94,94,9.65182322,45.87456477
"1171","San Giovanni del Dosso","Mantova",2,0,2,11.08112346,44.96608634
"1172","San Giovanni in Croce","Cremona",12,12,12,10.378411,45.07745004
"1173","San Giuliano Milanese","Milano",138,138,138,9.28492451,45.40022835
"1174","San Martino dall'Argine","Mantova",6,6,6,10.52014901,45.10070268
"1175","San Martino del Lago","Cremona",0,0,0,10.31565993,45.07242871
"1176","San Martino in Strada","Lodi",26,26,26,9.53053223,45.27079119
"1177","San Martino Siccomario","Pavia",9,0,9,9.13451976,45.15715963
"1178","San Nazzaro Val Cavargna","Como",0,0,0,9.13064701,46.08922511
"1179","San Paolo","Brescia",38,38,38,10.02462174,45.37129663
"1180","San Paolo d'Argon","Bergamo",5,0,5,9.80174843,45.6876352
"1181","San Pellegrino Terme","Bergamo",96,96,96,9.66330535,45.83833313
"1182","San Rocco al Porto","Lodi",44,44,44,9.6982919,45.08047376
"1183","San Siro","Como",4,0,4,9.25851049,46.0552164
"1184","San Vittore Olona","Milano",28,28,28,8.94382391,45.58760398
"1185","San Zeno Naviglio","Brescia",9,0,9,10.21455357,45.4913425
"1186","San Zenone al Lambro","Milano",16,16,16,9.35836311,45.32647936
"1187","San Zenone al Po","Pavia",3,0,3,9.36114462,45.10854539
"1188","Sangiano","Varese",2,0,2,8.63179044,45.8762912
"1189","Sannazzaro de' Burgondi","Pavia",18,1,18,8.90828982,45.10316308
"1190","Sant'Angelo Lodigiano","Lodi",100,100,100,9.40957845,45.23811718
"1191","Sant'Angelo Lomellina","Pavia",2,0,2,8.6431448,45.2466213
"1192","Sant'Omobono Terme","Bergamo",7,0,7,9.5187,45.8168
"1193","Santa Brigida","Bergamo",16,16,16,9.6234368,45.9812844
"1194","Santa Cristina e Bissone","Pavia",4,0,4,9.40113574,45.15679448
"1195","Santa Giuletta","Pavia",20,20,20,9.18159447,45.03384034
"1196","Santa Margherita di Staffora","Pavia",1,0,1,9.24055817,44.77079137
"1197","Santa Maria della Versa","Pavia",6,0,6,9.29994477,44.9846895
"1198","Santa Maria Hoè","Lecco",3,0,3,9.37150125,45.74363037
"1199","Santo Stefano Lodigiano","Lodi",3,0,3,9.74305379,45.12207369
"1200","Santo Stefano Ticino","Milano",16,16,16,8.91935219,45.48778115
"1201","Sarezzo","Brescia",78,78,78,10.20297691,45.65378299
"1202","Sarnico","Bergamo",74,74,74,9.95835303,45.66799802
"1203","Saronno","Varese",94,94,94,9.03640459,45.62373958
"1204","Sartirana Lomellina","Pavia",14,14,14,8.66185489,45.11434048
"1205","Saviore dell'Adamello","Brescia",3,0,3,10.39820737,46.08049071
"1206","Scaldasole","Pavia",4,0,4,8.91019032,45.12493797
"1207","Scandolara Ravara","Cremona",22,22,22,10.30212945,45.05308515
"1208","Scandolara Ripa d'Oglio","Cremona",2,0,2,10.15714461,45.22170438
"1209","Scanzorosciate","Bergamo",166,166,166,9.73679641,45.71186891
"1210","Schignano","Como",4,0,4,9.10236459,45.92790729
"1211","Schilpario","Bergamo",30,30,30,10.15451561,46.00956474
"1212","Schivenoglia","Mantova",26,26,26,11.07747756,44.99115212
"1213","Secugnago","Lodi",4,0,4,9.59141693,45.23034457
"1214","Sedriano","Milano",44,44,44,8.97088206,45.48755545
"1215","Sedrina","Bergamo",7,0,7,9.62345823,45.77991523
"1216","Segrate","Milano",98,98,98,9.29293241,45.49082418
"1217","Sellero","Brescia",3,0,3,10.33811802,46.06872235
"1218","Selvino","Bergamo",38,38,38,9.75012725,45.78074838
"1219","Semiana","Pavia",1,0,1,8.72970509,45.13736987
"1220","Senago","Milano",35,18,35,9.11743158,45.57519908
"1221","Seniga","Brescia",3,0,3,10.17716028,45.24361392
"1222","Senna Comasco","Como",3,0,3,9.10732605,45.76332515
"1223","Senna Lodigiana","Lodi",26,26,26,9.59358479,45.1472491
"1224","Seregno","Monza e della Brianza",77,35,77,9.20176594,45.65021257
"1225","Sergnano","Cremona",6,0,6,9.70478826,45.42811556
"1226","Seriate","Bergamo",268,268,268,9.71764216,45.68353578
"1227","Serina","Bergamo",36,36,36,9.73009145,45.87138372
"1228","Serle","Brescia",18,18,18,10.36886737,45.56174398
"1229","Sermide e Felonica","Mantova",54,54,54,11.2989691,45.00602954
"1230","Sernio","Sondrio",1,0,1,10.20332533,46.22510846
"1231","Serravalle a Po","Mantova",5,0,5,11.07981063,45.06565239
"1232","Sesto Calende","Varese",19,10,19,8.63164235,45.72379362
"1233","Sesto ed Uniti","Cremona",20,20,20,9.91670824,45.17550294
"1234","Sesto San Giovanni","Milano",244,244,244,9.23651246,45.53352962
"1235","Settala","Milano",12,12,12,9.38688134,45.45468517
"1236","Settimo Milanese","Milano",46,46,46,9.05677434,45.48074151
"1237","Seveso","Monza e della Brianza",66,66,66,9.13851214,45.64735185
"1238","Silvano Pietra","Pavia",1,0,1,8.94817867,45.03996573
"1239","Sirmione","Brescia",19,3,19,10.60946835,45.46231487
"1240","Sirone","Lecco",4,0,4,9.3236466,45.77254626
"1241","Sirtori","Lecco",3,0,3,9.33386291,45.73527762
"1242","Siziano","Pavia",20,20,20,9.19872487,45.32016711
"1243","Soiano del Lago","Brescia",6,0,6,10.51363282,45.53667141
"1244","Solaro","Milano",34,34,34,9.0795197,45.61677245
"1245","Solarolo Rainerio","Cremona",12,12,12,10.3570868,45.08126027
"1246","Solbiate Arno","Varese",9,2,9,8.813467,45.72056917
"1247","Solbiate Olona","Varese",10,1,10,8.88734116,45.65359629
"1248","Solferino","Mantova",14,14,14,10.57297894,45.37181299
"1249","Solto Collina","Bergamo",3,0,3,10.02592875,45.78223969
"1250","Solza","Bergamo",6,0,6,9.49030904,45.67777081
"1251","Somaglia","Lodi",22,22,22,9.63788616,45.14698574
"1252","Somma Lombardo","Varese",32,18,32,8.70435241,45.68377665
"1253","Sommo","Pavia",1,0,1,9.08377546,45.13223484
"1254","Soncino","Cremona",66,66,66,9.87356025,45.39988968
"1255","Sondalo","Sondrio",16,16,16,10.32367779,46.33202816
"1256","Sondrio","Sondrio",58,58,58,9.87147489,46.1709926
"1257","Songavazzo","Bergamo",3,0,3,9.98981791,45.88091617
"1258","Sonico","Brescia",3,0,3,10.35211195,46.16331325
"1259","Sordio","Lodi",24,24,24,9.36686763,45.34019629
"1260","Soresina","Cremona",98,98,98,9.85425666,45.28863511
"1261","Sorico","Como",3,1,3,9.37978706,46.17212137
"1262","Sorisole","Bergamo",66,66,66,9.66253698,45.74474021
"1263","Sormano","Como",2,0,2,9.24707675,45.87943907
"1264","Sospiro","Cremona",19,4,19,10.15925599,45.10565613
"1265","Sotto il Monte Giovanni XXIII","Bergamo",40,40,40,9.49887457,45.70569781
"1266","Sovere","Bergamo",86,86,86,10.02552685,45.82415622
"1267","Sovico","Monza e della Brianza",26,26,26,9.26489462,45.64936183
"1268","Spessa","Pavia",0,0,0,9.34922713,45.11373851
"1269","Spinadesco","Cremona",3,0,3,9.92828507,45.14822339
"1270","Spineda","Cremona",2,0,2,10.51651065,45.06039475
"1271","Spino d'Adda","Cremona",14,1,14,9.49243269,45.40052368
"1272","Spinone al Lago","Bergamo",1,0,1,9.92154248,45.76476001
"1273","Spirano","Bergamo",6,0,6,9.67098717,45.58217246
"1274","Spriana","Sondrio",1,0,1,9.86446932,46.22014856
"1275","Stagno Lombardo","Cremona",42,42,42,10.08795842,45.07323308
"1276","Stazzona","Como",1,0,1,9.27725961,46.13898602
"1277","Stezzano","Bergamo",132,132,132,9.65102483,45.64975666
"1278","Stradella","Pavia",34,34,34,9.2951673,45.07530591
"1279","Strozza","Bergamo",2,0,2,9.57785981,45.77424733
"1280","Suardi","Pavia",1,0,1,8.74304811,45.02945257
"1281","Sueglio","Lecco",0,0,0,9.3330967,46.08569063
"1282","Suello","Lecco",3,0,3,9.30815929,45.81854832
"1283","Suisio","Bergamo",24,24,24,9.50127414,45.65978989
"1284","Sulbiate","Monza e della Brianza",4,0,4,9.42148311,45.63482681
"1285","Sulzano","Brescia",16,16,16,10.10278206,45.69073811
"1286","Sumirago","Varese",17,0,17,8.77937261,45.74028467
"1287","Sustinente","Mantova",3,0,3,11.01814371,45.06881028
"1288","Suzzara","Mantova",43,10,43,10.74561894,44.99023318
"1289","Taino","Varese",8,8,8,8.61659007,45.76498844
"1290","Talamona","Sondrio",26,26,26,9.60947261,46.13751073
"1291","Taleggio","Bergamo",1,0,1,9.56480824,45.8940301
"1292","Tavazzano con Villavesco","Lodi",30,30,30,9.40969561,45.32750177
"1293","Tavernerio","Como",11,2,11,9.15042839,45.79755247
"1294","Tavernola Bergamasca","Bergamo",30,30,30,10.04532871,45.70922375
"1295","Tavernole sul Mella","Brescia",6,0,6,10.24024832,45.74807504
"1296","Teglio","Sondrio",15,8,15,10.06328021,46.17226169
"1297","Telgate","Bergamo",6,0,6,9.85342403,45.62729393
"1298","Temù","Brescia",3,0,3,10.4704713,46.24975113
"1299","Ternate","Varese",3,0,3,8.69479817,45.7823786
"1300","Terno d'Isola","Bergamo",32,32,32,9.53143321,45.6835994
"1301","Terranova dei Passerini","Lodi",1,0,1,9.67828733,45.19868186
"1302","Ticengo","Cremona",3,0,3,9.82820963,45.36915344
"1303","Tignale","Brescia",3,0,3,10.72185074,45.73951579
"1304","Tirano","Sondrio",42,42,42,10.175315,46.21687062
"1305","Torbole Casaglia","Brescia",46,46,46,10.10502624,45.50830989
"1306","Torlino Vimercati","Cremona",0,0,0,9.59681136,45.41851042
"1307","Tornata","Cremona",1,0,1,10.43084995,45.10466712
"1308","Torno","Como",2,0,2,9.11892139,45.85871468
"1309","Torrazza Coste","Pavia",24,24,24,9.08644549,44.97654992
"1310","Torre Beretti e Castellaro","Pavia",0,0,0,8.67030548,45.05996692
"1311","Torre Boldone","Bergamo",18,7,18,9.70773248,45.71609034
"1312","Torre d'Arese","Pavia",2,0,2,9.31681664,45.2424014
"1313","Torre d'Isola","Pavia",4,0,4,9.07639687,45.21746495
"1314","Torre de' Busi","Bergamo",3,0,3,9.47620478,45.77277339
"1315","Torre de' Negri","Pavia",0,0,0,9.33560207,45.15066298
"1316","Torre de' Picenardi","Cremona",8,0,8,10.28686148,45.14400071
"1317","Torre de' Roveri","Bergamo",12,12,12,9.77220696,45.69951084
"1318","Torre di Santa Maria","Sondrio",3,0,3,9.8520957,46.23261617
"1319","Torre Pallavicina","Bergamo",1,0,1,9.86262527,45.44145792
"1320","Torrevecchia Pia","Pavia",6,0,6,9.29792661,45.28286993
"1321","Torricella del Pizzo","Cremona",3,0,3,10.29564633,45.02004282
"1322","Torricella Verzate","Pavia",1,0,1,9.17584206,45.01559546
"1323","Toscolano-Maderno","Brescia",22,5,22,10.60624725,45.64167518
"1324","Tovo di Sant'Agata","Sondrio",1,0,1,10.24667088,46.24504363
"1325","Tradate","Varese",48,24,48,8.90569481,45.71375993
"1326","Traona","Sondrio",3,0,3,9.52678241,46.14687842
"1327","Travacò Siccomario","Pavia",10,1,10,9.16151622,45.15248202
"1328","Travagliato","Brescia",48,48,48,10.08021884,45.52337617
"1329","Travedona-Monate","Varese",10,0,10,8.67726088,45.80570507
"1330","Tremezzina","Como",7,0,7,9.2135,45.98231
"1331","Tremosine sul Garda","Brescia",3,0,3,10.75381073,45.76695652
"1332","Trenzano","Brescia",26,26,26,10.01571144,45.47595167
"1333","Trescore Balneario","Bergamo",88,88,88,9.84277423,45.69508834
"1334","Trescore Cremasco","Cremona",30,30,30,9.62544229,45.4016592
"1335","Tresivio","Sondrio",5,0,5,9.94538135,46.17469556
"1336","Treviglio","Bergamo",254,254,254,9.5926499,45.5217648
"1337","Treviolo","Bergamo",11,3,11,9.61127104,45.67161825
"1338","Treviso Bresciano","Brescia",2,0,2,10.46199638,45.71274204
"1339","Trezzano Rosa","Milano",18,18,18,9.48954108,45.58497981
"1340","Trezzano sul Naviglio","Milano",33,15,33,9.06913584,45.41867651
"1341","Trezzo sull'Adda","Milano",122,122,122,9.51924401,45.61015321
"1342","Trezzone","Como",0,0,0,9.35533528,46.17146264
"1343","Tribiano","Milano",14,14,14,9.36826311,45.40419814
"1344","Trigolo","Cremona",5,1,5,9.81161994,45.32926498
"1345","Triuggio","Monza e della Brianza",18,18,18,9.26445108,45.65919443
"1346","Trivolzio","Pavia",6,0,6,9.04708121,45.26094339
"1347","Tromello","Pavia",9,1,9,8.86959755,45.21183831
"1348","Trovo","Pavia",3,0,3,9.03576818,45.28284959
"1349","Truccazzano","Milano",10,1,10,9.46626196,45.4835711
"1350","Turano Lodigiano","Lodi",14,14,14,9.62271984,45.24823835
"1351","Turate","Como",16,2,16,9.001214,45.65506841
"1352","Turbigo","Milano",16,6,16,8.73520842,45.52847138
"1353","Ubiale Clanezzo","Bergamo",0,0,0,9.61669209,45.78339354
"1354","Uboldo","Varese",18,11,18,9.00306867,45.61071287
"1355","Uggiate-Trevano","Como",11,3,11,8.96174753,45.82330253
"1356","Urago d'Oglio","Brescia",6,0,6,9.87035354,45.51333465
"1357","Urgnano","Bergamo",17,4,17,9.68917779,45.59854143
"1358","Usmate Velate","Monza e della Brianza",13,2,13,9.36146078,45.6506647
"1359","Vaiano Cremasco","Cremona",48,48,48,9.59127217,45.37249775
"1360","Vailate","Cremona",66,66,66,9.60501009,45.46162258
"1361","Val Brembilla","Bergamo",44,44,44,9.59647,45.8211
"1362","Val di Nizza","Pavia",5,0,5,9.16683303,44.87933288
"1363","Val Masino","Sondrio",3,0,3,9.636636,46.21108357
"1364","Valbondione","Bergamo",26,26,26,10.01261961,46.03798458
"1365","Valbrembo","Bergamo",38,38,38,9.60836917,45.71643237
"1366","Valbrona","Como",4,0,4,9.29677259,45.87778782
"1367","Valdidentro","Sondrio",12,12,12,10.29680566,46.48933294
"1368","Valdisotto","Sondrio",8,3,8,10.35511049,46.43167153
"1369","Valeggio","Pavia",0,0,0,8.86129109,45.15064328
"1370","Valera Fratta","Lodi",2,0,2,9.33350996,45.25682239
"1371","Valfurva","Sondrio",16,16,16,10.41086041,46.46307994
"1372","Valganna","Varese",1,0,1,8.82394745,45.90276705
"1373","Valgoglio","Bergamo",2,0,2,9.91394219,45.97559532
"1374","Valgreghentino","Lecco",10,10,10,9.4131964,45.7694362
"1375","Valle Lomellina","Pavia",9,0,9,8.66495548,45.14711708
"1376","Valle Salimbene","Pavia",2,0,2,9.23298223,45.16962743
"1377","Valleve","Bergamo",0,0,0,9.74322887,46.02819671
"1378","Vallio Terme","Brescia",2,0,2,10.39578004,45.60922643
"1379","Valmadrera","Lecco",20,8,20,9.36027083,45.8469754
"1380","Valmorea","Como",3,0,3,8.93063084,45.81328901
"1381","Valnegra","Bergamo",0,0,0,9.68946994,45.94911785
"1382","Valsolda","Como",4,0,4,9.05613267,46.02446056
"1383","Valtorta","Bergamo",2,0,2,9.53500677,45.9775777
"1384","Valvestino","Brescia",1,0,1,10.59482345,45.76184174
"1385","Vanzaghello","Milano",11,0,11,8.78555599,45.57775891
"1386","Vanzago","Milano",30,30,30,9.00065442,45.52649482
"1387","Vaprio d'Adda","Milano",30,30,30,9.53346804,45.57645829
"1388","Varano Borghi","Varese",4,0,4,8.7019374,45.77779049
"1389","Varedo","Monza e della Brianza",44,44,44,9.15706477,45.59804877
"1390","Varenna","Lecco",3,0,3,9.28358759,46.010613
"1391","Varese","Varese",240,240,240,8.82286834,45.81701677
"1392","Varzi","Pavia",34,34,34,9.1962725,44.82199953
"1393","Vedano al Lambro","Monza e della Brianza",30,30,30,9.272889,45.60952797
"1394","Vedano Olona","Varese",17,1,17,8.88635653,45.77671212
"1395","Veduggio con Colzano","Monza e della Brianza",16,16,16,9.26761258,45.73579292
"1396","Veleso","Como",1,0,1,9.1808764,45.90874583
"1397","Vellezzo Bellini","Pavia",6,0,6,9.10213278,45.26952835
"1398","Venegono Inferiore","Varese",12,5,12,8.89943301,45.73587963
"1399","Venegono Superiore","Varese",26,26,26,8.90171645,45.74912455
"1400","Veniano","Como",6,0,6,8.98498564,45.71628916
"1401","Verano Brianza","Monza e della Brianza",21,6,21,9.22960847,45.68465171
"1402","Vercana","Como",1,0,1,9.33043302,46.160015
"1403","Verceia","Sondrio",2,0,2,9.45276066,46.19663273
"1404","Vercurago","Lecco",12,12,12,9.42480039,45.81074991
"1405","Verdellino","Bergamo",30,30,30,9.61534181,45.60418483
"1406","Verdello","Bergamo",66,66,66,9.62702383,45.60652189
"1407","Verderio","Lecco",34,34,34,9.44182,45.663
"1408","Vergiate","Varese",25,17,25,8.69540153,45.7245355
"1409","Vernate","Milano",6,2,6,9.06042559,45.31588074
"1410","Verolanuova","Brescia",112,112,112,10.07665283,45.32577656
"1411","Verolavecchia","Brescia",42,42,42,10.0518125,45.33052185
"1412","Verretto","Pavia",1,0,1,9.1076969,45.04004064
"1413","Verrua Po","Pavia",3,0,3,9.173167,45.11132967
"1414","Vertemate con Minoprio","Como",10,10,10,9.0721673,45.7251672
"1415","Vertova","Bergamo",13,0,13,9.84987255,45.80858625
"1416","Vervio","Sondrio",0,0,0,10.24053168,46.25285098
"1417","Vescovato","Cremona",60,60,60,10.16811976,45.17636519
"1418","Vestone","Brescia",10,3,10,10.40369545,45.70960367
"1419","Vezza d'Oglio","Brescia",4,0,4,10.40008121,46.24012026
"1420","Viadana","Mantova",160,160,160,10.52143199,44.92611892
"1421","Viadanica","Bergamo",16,16,16,9.96132435,45.68552811
"1422","Vidigulfo","Pavia",18,18,18,9.23483143,45.29187437
"1423","Viganò","Lecco",5,0,5,9.32419661,45.72607126
"1424","Vigano San Martino","Bergamo",2,0,2,9.89576413,45.72609362
"1425","Vigevano","Pavia",147,92,147,8.85987557,45.31761391
"1426","Viggiù","Varese",20,0,20,8.90704038,45.8720108
"1427","Vignate","Milano",10,4,10,9.37703718,45.49636828
"1428","Vigolo","Bergamo",2,0,2,10.02631466,45.71641986
"1429","Villa Biscossi","Pavia",1,0,1,8.78668897,45.08995761
"1430","Villa Carcina","Brescia",32,32,32,10.19527204,45.63141952
"1431","Villa Cortese","Milano",22,22,22,8.88568965,45.5655004
"1432","Villa d'Adda","Bergamo",112,112,112,9.46461423,45.71283271
"1433","Villa d'Almè","Bergamo",14,0,14,9.61792022,45.7463448
"1434","Villa d'Ogna","Bergamo",26,26,26,9.93053034,45.90754175
"1435","Villa di Chiavenna","Sondrio",1,0,1,9.48896973,46.33123766
"1436","Villa di Serio","Bergamo",86,86,86,9.73419702,45.72011449
"1437","Villa di Tirano","Sondrio",22,22,22,10.13320677,46.20268316
"1438","Villa Guardia","Como",16,1,16,9.02591509,45.77472871
"1439","Villachiara","Brescia",2,0,2,9.92960564,45.35687315
"1440","Villanova d'Ardenghi","Pavia",1,0,1,9.04324484,45.17133665
"1441","Villanova del Sillaro","Lodi",3,0,3,9.48089049,45.23730986
"1442","Villanterio","Pavia",18,18,18,9.36041071,45.22071855
"1443","Villanuova sul Clisi","Brescia",40,40,40,10.4537092,45.60166297
"1444","Villasanta","Monza e della Brianza",80,80,80,9.30195235,45.60427327
"1445","Villimpenta","Mantova",18,18,18,11.0293895,45.1449413
"1446","Villongo","Bergamo",70,70,70,9.93475122,45.67239404
"1447","Vilminore di Scalve","Bergamo",18,18,18,10.09528648,45.99794954
"1448","Vimercate","Monza e della Brianza",146,146,146,9.36974907,45.61316595
"1449","Vimodrone","Milano",24,1,24,9.28709221,45.51432793
"1450","Vione","Brescia",2,0,2,10.44779791,46.24880802
"1451","Visano","Brescia",3,0,3,10.36908371,45.31626037
"1452","Vistarino","Pavia",2,0,2,9.30645859,45.21147861
"1453","Vittuone","Milano",15,0,15,8.9533035,45.48777405
"1454","Vizzola Ticino","Varese",0,0,0,8.68505079,45.63123483
"1455","Vizzolo Predabissi","Milano",34,34,34,9.34657618,45.35700041
"1456","Vobarno","Brescia",32,32,32,10.49655796,45.64699577
"1457","Voghera","Pavia",250,250,250,9.00852362,44.99312509
"1458","Volongo","Cremona",2,0,2,10.30250641,45.21154507
"1459","Volta Mantovana","Mantova",21,0,21,10.65949338,45.31957585
"1460","Voltido","Cremona",1,0,1,10.33339356,45.11175931
"1461","Zandobbio","Bergamo",5,0,5,9.85241484,45.68654224
"1462","Zanica","Bergamo",70,70,70,9.6809735,45.6419557
"1463","Zavattarello","Pavia",32,32,32,9.2654367,44.868745
"1464","Zeccone","Pavia",4,0,4,9.19841152,45.26093049
"1465","Zelbio","Como",1,0,1,9.18089193,45.90503059
"1466","Zelo Buon Persico","Lodi",14,14,14,9.42923234,45.41160891
"1467","Zeme","Pavia",3,0,3,8.6663117,45.19492928
"1468","Zenevredo","Pavia",2,0,2,9.32664307,45.05390342
"1469","Zerbo","Pavia",1,0,1,9.39545253,45.11055284
"1470","Zerbolò","Pavia",3,0,3,9.0143866,45.20676064
"1471","Zibido San Giacomo","Milano",7,0,7,9.10587711,45.35966489
"1472","Zinasco","Pavia",7,0,7,9.02849669,45.12824661
"1473","Zogno","Bergamo",20,8,20,9.66791865,45.7948216
"1474","Zone","Brescia",0,0,0,10.11661357,45.76219872
