NOME_PROVINCIA,NOME_COMUNE,DECESSI_HIGH,DECESSI_LOW
Bergamo,Adrara San Martino,20,20
Bergamo,Adrara San Rocco,1,0
Bergamo,Albano Sant'Alessandro,88,88
Bergamo,Albino,302,302
Bergamo,Algua,1,0
Bergamo,Almè,68,68
Bergamo,Almenno San Bartolomeo,38,38
Bergamo,Almenno San Salvatore,70,70
Bergamo,Alzano Lombardo,218,218
Bergamo,Ambivere,3,0
Bergamo,Antegnate,22,22
Bergamo,Arcene,36,36
Bergamo,Ardesio,40,40
Bergamo,Arzago d'Adda,18,18
Bergamo,Averara,1,0
Bergamo,Aviatico,1,0
Bergamo,Azzano San Paolo,16,4
Bergamo,Azzone,2,0
Bergamo,Bagnatica,44,44
Bergamo,Barbata,2,0
Bergamo,Bariano,26,26
Bergamo,Barzana,3,0
Bergamo,Bedulita,3,0
Bergamo,Berbenno,4,0
Bergamo,Bergamo,1380,1380
Bergamo,Berzo San Fermo,20,20
Bergamo,Bianzano,2,0
Bergamo,Bolgare,50,50
Bergamo,Boltiere,12,0
Bergamo,Bonate Sopra,42,42
Bergamo,Bonate Sotto,13,3
Bergamo,Borgo di Terzo,2,0
Bergamo,Bossico,14,14
Bergamo,Bottanuco,52,52
Bergamo,Bracca,2,0
Bergamo,Branzi,2,0
Bergamo,Brembate,74,74
Bergamo,Brembate di Sopra,176,176
Bergamo,Brignano Gera d'Adda,9,4
Bergamo,Brumano,0,0
Bergamo,Brusaporto,40,40
Bergamo,Calcinate,42,42
Bergamo,Calcio,50,50
Bergamo,Calusco d'Adda,68,68
Bergamo,Calvenzano,62,62
Bergamo,Camerata Cornello,1,0
Bergamo,Canonica d'Adda,22,22
Bergamo,Capizzone,4,0
Bergamo,Capriate San Gervasio,15,5
Bergamo,Caprino Bergamasco,4,1
Bergamo,Caravaggio,122,122
Bergamo,Carobbio degli Angeli,22,22
Bergamo,Carona,1,0
Bergamo,Carvico,42,42
Bergamo,Casazza,40,40
Bergamo,Casirate d'Adda,42,42
Bergamo,Casnigo,72,72
Bergamo,Cassiglio,0,0
Bergamo,Castel Rozzone,14,14
Bergamo,Castelli Calepio,130,130
Bergamo,Castione della Presolana,9,3
Bergamo,Castro,18,18
Bergamo,Cavernago,3,0
Bergamo,Cazzano Sant'Andrea,0,0
Bergamo,Cenate Sopra,20,20
Bergamo,Cenate Sotto,4,0
Bergamo,Cene,72,72
Bergamo,Cerete,3,0
Bergamo,Chignolo d'Isola,28,28
Bergamo,Chiuduno,46,46
Bergamo,Cisano Bergamasco,38,38
Bergamo,Ciserano,40,40
Bergamo,Cividate al Piano,76,76
Bergamo,Clusone,184,184
Bergamo,Colere,3,0
Bergamo,Cologno al Serio,16,4
Bergamo,Colzate,16,16
Bergamo,Comun Nuovo,32,32
Bergamo,Corna Imagna,1,0
Bergamo,Cornalba,2,0
Bergamo,Cortenuova,20,20
Bergamo,Costa di Mezzate,3,0
Bergamo,Costa Serina,3,0
Bergamo,Costa Valle Imagna,2,0
Bergamo,Costa Volpino,104,104
Bergamo,Covo,8,0
Bergamo,Credaro,28,28
Bergamo,Curno,60,60
Bergamo,Cusio,0,0
Bergamo,Dalmine,252,252
Bergamo,Dossena,2,0
Bergamo,Endine Gaiano,8,2
Bergamo,Entratico,3,0
Bergamo,Fara Gera d'Adda,38,38
Bergamo,Fara Olivana con Sola,3,0
Bergamo,Filago,5,0
Bergamo,Fino del Monte,2,0
Bergamo,Fiorano al Serio,76,76
Bergamo,Fontanella,11,3
Bergamo,Fonteno,20,20
Bergamo,Foresto Sparso,30,30
Bergamo,Fornovo San Giovanni,6,1
Bergamo,Fuipiano Valle Imagna,0,0
Bergamo,Gandellino,20,20
Bergamo,Gandino,110,110
Bergamo,Gandosso,16,16
Bergamo,Gaverina Terme,3,0
Bergamo,Gazzaniga,134,134
Bergamo,Ghisalba,38,38
Bergamo,Gorlago,10,3
Bergamo,Gorle,74,74
Bergamo,Gorno,26,26
Bergamo,Grassobbio,9,0
Bergamo,Gromo,16,16
Bergamo,Grone,3,0
Bergamo,Grumello del Monte,11,5
Bergamo,Isola di Fondra,0,0
Bergamo,Isso,1,0
Bergamo,Lallio,9,1
Bergamo,Leffe,120,120
Bergamo,Lenna,18,18
Bergamo,Levate,30,30
Bergamo,Locatello,0,0
Bergamo,Lovere,58,58
Bergamo,Lurano,5,0
Bergamo,Luzzana,1,0
Bergamo,Madone,34,34
Bergamo,Mapello,14,14
Bergamo,Martinengo,10,0
Bergamo,Medolago,5,0
Bergamo,Mezzoldo,2,0
Bergamo,Misano di Gera d'Adda,22,22
Bergamo,Moio de' Calvi,1,0
Bergamo,Monasterolo del Castello,2,0
Bergamo,Montello,36,36
Bergamo,Morengo,6,0
Bergamo,Mornico al Serio,2,0
Bergamo,Mozzanica,24,24
Bergamo,Mozzo,11,3
Bergamo,Nembro,304,304
Bergamo,Olmo al Brembo,1,0
Bergamo,Oltre il Colle,18,18
Bergamo,Oltressenda Alta,1,0
Bergamo,Oneta,2,0
Bergamo,Onore,2,0
Bergamo,Orio al Serio,4,0
Bergamo,Ornica,0,0
Bergamo,Osio Sopra,44,44
Bergamo,Osio Sotto,126,126
Bergamo,Pagazzano,16,16
Bergamo,Paladina,52,52
Bergamo,Palazzago,20,20
Bergamo,Palosco,74,74
Bergamo,Parre,5,0
Bergamo,Parzanica,0,0
Bergamo,Pedrengo,80,80
Bergamo,Peia,36,36
Bergamo,Pianico,2,0
Bergamo,Piario,2,0
Bergamo,Piazza Brembana,6,2
Bergamo,Piazzatorre,1,0
Bergamo,Piazzolo,0,0
Bergamo,Pognano,3,0
Bergamo,Ponte Nossa,4,1
Bergamo,Ponte San Pietro,160,160
Bergamo,Ponteranica,58,58
Bergamo,Pontida,34,34
Bergamo,Pontirolo Nuovo,10,0
Bergamo,Pradalunga,90,90
Bergamo,Predore,34,34
Bergamo,Premolo,3,0
Bergamo,Presezzo,40,40
Bergamo,Pumenengo,1,0
Bergamo,Ranica,52,52
Bergamo,Ranzanico,3,0
Bergamo,Riva di Solto,1,0
Bergamo,Rogno,7,0
Bergamo,Romano di Lombardia,188,188
Bergamo,Roncobello,3,0
Bergamo,Roncola,0,0
Bergamo,Rota d'Imagna,14,14
Bergamo,Rovetta,8,0
Bergamo,San Giovanni Bianco,94,94
Bergamo,San Paolo d'Argon,5,0
Bergamo,San Pellegrino Terme,96,96
Bergamo,Sant'Omobono Terme,7,0
Bergamo,Santa Brigida,16,16
Bergamo,Sarnico,74,74
Bergamo,Scanzorosciate,166,166
Bergamo,Schilpario,30,30
Bergamo,Sedrina,7,0
Bergamo,Selvino,38,38
Bergamo,Seriate,268,268
Bergamo,Serina,36,36
Bergamo,Solto Collina,3,0
Bergamo,Solza,6,0
Bergamo,Songavazzo,3,0
Bergamo,Sorisole,66,66
Bergamo,Sotto il Monte Giovanni XXIII,40,40
Bergamo,Sovere,86,86
Bergamo,Spinone al Lago,1,0
Bergamo,Spirano,6,0
Bergamo,Stezzano,132,132
Bergamo,Strozza,2,0
Bergamo,Suisio,24,24
Bergamo,Taleggio,1,0
Bergamo,Tavernola Bergamasca,30,30
Bergamo,Telgate,6,0
Bergamo,Terno d'Isola,32,32
Bergamo,Torre Boldone,18,7
Bergamo,Torre de' Busi,3,0
Bergamo,Torre de' Roveri,12,12
Bergamo,Torre Pallavicina,1,0
Bergamo,Trescore Balneario,88,88
Bergamo,Treviglio,254,254
Bergamo,Treviolo,11,3
Bergamo,Ubiale Clanezzo,0,0
Bergamo,Urgnano,17,4
Bergamo,Val Brembilla,44,44
Bergamo,Valbondione,26,26
Bergamo,Valbrembo,38,38
Bergamo,Valgoglio,2,0
Bergamo,Valleve,0,0
Bergamo,Valnegra,0,0
Bergamo,Valtorta,2,0
Bergamo,Verdellino,30,30
Bergamo,Verdello,66,66
Bergamo,Vertova,13,0
Bergamo,Viadanica,16,16
Bergamo,Vigano San Martino,2,0
Bergamo,Vigolo,2,0
Bergamo,Villa d'Adda,112,112
Bergamo,Villa d'Almè,14,0
Bergamo,Villa d'Ogna,26,26
Bergamo,Villa di Serio,86,86
Bergamo,Villongo,70,70
Bergamo,Vilminore di Scalve,18,18
Bergamo,Zandobbio,5,0
Bergamo,Zanica,70,70
Bergamo,Zogno,20,8
Brescia,Acquafredda,20,20
Brescia,Adro,12,0
Brescia,Agnosine,5,1
Brescia,Alfianello,18,18
Brescia,Anfo,1,0
Brescia,Angolo Terme,16,16
Brescia,Artogne,7,1
Brescia,Azzano Mella,5,0
Brescia,Bagnolo Mella,27,12
Brescia,Bagolino,50,50
Brescia,Barbariga,6,0
Brescia,Barghe,2,0
Brescia,Bassano Bresciano,3,0
Brescia,Bedizzole,66,66
Brescia,Berlingo,24,24
Brescia,Berzo Demo,14,14
Brescia,Berzo Inferiore,4,1
Brescia,Bienno,8,0
Brescia,Bione,10,10
Brescia,Borgo San Giacomo,50,50
Brescia,Borgosatollo,58,58
Brescia,Borno,16,16
Brescia,Botticino,86,86
Brescia,Bovegno,10,10
Brescia,Bovezzo,54,54
Brescia,Brandico,1,0
Brescia,Braone,1,0
Brescia,Breno,38,38
Brescia,Brescia,1190,1190
Brescia,Brione,2,0
Brescia,Caino,1,0
Brescia,Calcinato,110,110
Brescia,Calvagese della Riviera,4,0
Brescia,Calvisano,16,0
Brescia,Capo di Ponte,10,10
Brescia,Capovalle,1,0
Brescia,Capriano del Colle,22,22
Brescia,Capriolo,15,7
Brescia,Carpenedolo,20,3
Brescia,Castegnato,56,56
Brescia,Castel Mella,30,30
Brescia,Castelcovati,44,44
Brescia,Castenedolo,50,50
Brescia,Casto,3,0
Brescia,Castrezzato,40,40
Brescia,Cazzago San Martino,86,86
Brescia,Cedegolo,4,0
Brescia,Cellatica,9,0
Brescia,Cerveno,1,0
Brescia,Ceto,2,0
Brescia,Cevo,2,0
Brescia,Chiari,35,13
Brescia,Cigole,3,0
Brescia,Cimbergo,1,0
Brescia,Cividate Camuno,14,14
Brescia,Coccaglio,86,86
Brescia,Collebeato,32,32
Brescia,Collio,10,10
Brescia,Cologne,58,58
Brescia,Comezzano-Cizzago,7,1
Brescia,Concesio,80,80
Brescia,Corte Franca,54,54
Brescia,Corteno Golgi,22,22
Brescia,Corzano,3,0
Brescia,Darfo Boario Terme,136,136
Brescia,Dello,30,30
Brescia,Desenzano del Garda,158,158
Brescia,Edolo,9,0
Brescia,Erbusco,12,5
Brescia,Esine,10,2
Brescia,Fiesse,5,0
Brescia,Flero,42,42
Brescia,Gambara,22,22
Brescia,Gardone Riviera,7,0
Brescia,Gardone Val Trompia,88,88
Brescia,Gargnano,8,8
Brescia,Gavardo,52,52
Brescia,Ghedi,30,14
Brescia,Gianico,22,22
Brescia,Gottolengo,62,62
Brescia,Gussago,94,94
Brescia,Idro,3,0
Brescia,Incudine,2,0
Brescia,Iseo,23,7
Brescia,Isorella,16,16
Brescia,Lavenone,0,0
Brescia,Leno,16,3
Brescia,Limone sul Garda,1,0
Brescia,Lodrino,8,8
Brescia,Lograto,36,36
Brescia,Lonato del Garda,90,90
Brescia,Longhena,1,0
Brescia,Losine,1,0
Brescia,Lozio,0,0
Brescia,Lumezzane,102,102
Brescia,Maclodio,2,0
Brescia,Magasa,1,0
Brescia,Mairano,18,18
Brescia,Malegno,14,14
Brescia,Malonno,30,30
Brescia,Manerba del Garda,24,24
Brescia,Manerbio,154,154
Brescia,Marcheno,22,22
Brescia,Marmentino,1,0
Brescia,Marone,24,24
Brescia,Mazzano,16,5
Brescia,Milzano,3,0
Brescia,Moniga del Garda,20,20
Brescia,Monno,0,0
Brescia,Monte Isola,6,0
Brescia,Monticelli Brusati,4,0
Brescia,Montichiari,36,14
Brescia,Montirone,36,36
Brescia,Mura,1,0
Brescia,Muscoline,5,0
Brescia,Nave,46,46
Brescia,Niardo,4,0
Brescia,Nuvolento,6,0
Brescia,Nuvolera,8,8
Brescia,Odolo,6,0
Brescia,Offlaga,4,0
Brescia,Ome,20,20
Brescia,Ono San Pietro,2,0
Brescia,Orzinuovi,200,200
Brescia,Orzivecchi,34,34
Brescia,Ospitaletto,82,82
Brescia,Ossimo,3,0
Brescia,Padenghe sul Garda,20,20
Brescia,Paderno Franciacorta,14,14
Brescia,Paisco Loveno,0,0
Brescia,Paitone,5,1
Brescia,Palazzolo sull'Oglio,200,200
Brescia,Paratico,6,0
Brescia,Paspardo,0,0
Brescia,Passirano,52,52
Brescia,Pavone del Mella,7,0
Brescia,Pertica Alta,3,0
Brescia,Pertica Bassa,1,0
Brescia,Pezzaze,14,14
Brescia,Pian Camuno,22,22
Brescia,Piancogno,40,40
Brescia,Pisogne,72,72
Brescia,Polaveno,6,2
Brescia,Polpenazze del Garda,4,1
Brescia,Pompiano,22,22
Brescia,Poncarale,34,34
Brescia,Ponte di Legno,16,16
Brescia,Pontevico,15,3
Brescia,Pontoglio,68,68
Brescia,Pozzolengo,24,24
Brescia,Pralboino,6,0
Brescia,Preseglie,4,0
Brescia,Prevalle,26,26
Brescia,Provaglio d'Iseo,12,5
Brescia,Provaglio Val Sabbia,1,0
Brescia,Puegnago del Garda,7,1
Brescia,Quinzano d'Oglio,110,110
Brescia,Remedello,9,2
Brescia,Rezzato,68,68
Brescia,Roccafranca,40,40
Brescia,Rodengo Saiano,15,5
Brescia,Roè Volciano,20,20
Brescia,Roncadelle,72,72
Brescia,Rovato,28,10
Brescia,Rudiano,6,0
Brescia,Sabbio Chiese,24,24
Brescia,Sale Marasino,60,60
Brescia,Salò,52,52
Brescia,San Felice del Benaco,12,12
Brescia,San Gervasio Bresciano,20,20
Brescia,San Paolo,38,38
Brescia,San Zeno Naviglio,9,0
Brescia,Sarezzo,78,78
Brescia,Saviore dell'Adamello,3,0
Brescia,Sellero,3,0
Brescia,Seniga,3,0
Brescia,Serle,18,18
Brescia,Sirmione,19,3
Brescia,Soiano del Lago,6,0
Brescia,Sonico,3,0
Brescia,Sulzano,16,16
Brescia,Tavernole sul Mella,6,0
Brescia,Temù,3,0
Brescia,Tignale,3,0
Brescia,Torbole Casaglia,46,46
Brescia,Toscolano-Maderno,22,5
Brescia,Travagliato,48,48
Brescia,Tremosine sul Garda,3,0
Brescia,Trenzano,26,26
Brescia,Treviso Bresciano,2,0
Brescia,Urago d'Oglio,6,0
Brescia,Vallio Terme,2,0
Brescia,Valvestino,1,0
Brescia,Verolanuova,112,112
Brescia,Verolavecchia,42,42
Brescia,Vestone,10,3
Brescia,Vezza d'Oglio,4,0
Brescia,Villa Carcina,32,32
Brescia,Villachiara,2,0
Brescia,Villanuova sul Clisi,40,40
Brescia,Vione,2,0
Brescia,Visano,3,0
Brescia,Vobarno,32,32
Brescia,Zone,0,0
Como,Albavilla,18,18
Como,Albese con Cassano,15,0
Como,Albiolo,4,0
Como,Alserio,3,0
Como,Alta Valle Intelvi,7,0
Como,Alzate Brianza,13,0
Como,Anzano del Parco,4,0
Como,Appiano Gentile,24,24
Como,Argegno,1,0
Como,Arosio,28,28
Como,Asso,12,12
Como,Barni,0,0
Como,Bellagio,16,16
Como,Bene Lario,0,0
Como,Beregazzo con Figliaro,8,8
Como,Binago,10,10
Como,Bizzarone,2,0
Como,Blessagno,1,0
Como,Blevio,1,0
Como,Bregnano,12,0
Como,Brenna,3,0
Como,Brienno,1,0
Como,Brunate,3,0
Como,Bulgarograsso,10,10
Como,Cabiate,14,14
Como,Cadorago,12,0
Como,Caglio,2,0
Como,Campione d'Italia,5,0
Como,Cantù,76,76
Como,Canzo,15,6
Como,Capiago Intimiano,12,0
Como,Carate Urio,4,0
Como,Carbonate,6,0
Como,Carimate,6,0
Como,Carlazzo,2,0
Como,Carugo,10,10
Como,Caslino d'Erba,4,0
Como,Casnate con Bernate,3,1
Como,Cassina Rizzardi,6,0
Como,Castelmarte,0,0
Como,Castelnuovo Bozzente,2,0
Como,Cavargna,1,0
Como,Centro Valle Intelvi,8,8
Como,Cerano d'Intelvi,1,0
Como,Cermenate,34,34
Como,Cernobbio,16,0
Como,Cirimido,3,0
Como,Claino con Osteno,2,0
Como,Colonno,0,0
Como,Colverde,12,12
Como,Como,280,280
Como,Corrido,1,0
Como,Cremia,2,0
Como,Cucciago,4,0
Como,Cusino,1,0
Como,Dizzasco,3,0
Como,Domaso,4,0
Como,Dongo,8,8
Como,Dosso del Liro,0,0
Como,Erba,42,42
Como,Eupilio,3,0
Como,Faggeto Lario,2,0
Como,Faloppio,6,0
Como,Fenegrò,5,0
Como,Figino Serenza,16,16
Como,Fino Mornasco,17,1
Como,Garzeno,3,0
Como,Gera Lario,2,0
Como,Grandate,12,12
Como,Grandola ed Uniti,4,0
Como,Gravedona ed Uniti,12,0
Como,Griante,2,0
Como,Guanzate,9,2
Como,Inverigo,24,24
Como,Laglio,2,0
Como,Laino,2,0
Como,Lambrugo,6,0
Como,Lasnigo,1,0
Como,Lezzeno,9,0
Como,Limido Comasco,7,0
Como,Lipomo,22,22
Como,Livo,0,0
Como,Locate Varesino,9,0
Como,Lomazzo,22,22
Como,Longone al Segrino,1,0
Como,Luisago,10,10
Como,Lurago d'Erba,14,14
Como,Lurago Marinone,4,0
Como,Lurate Caccivio,26,26
Como,Magreglio,3,0
Como,Mariano Comense,80,80
Como,Maslianico,18,18
Como,Menaggio,16,16
Como,Merone,4,0
Como,Moltrasio,5,1
Como,Monguzzo,3,0
Como,Montano Lucino,9,1
Como,Montemezzo,1,0
Como,Montorfano,6,0
Como,Mozzate,13,4
Como,Musso,2,0
Como,Nesso,4,0
Como,Novedrate,5,0
Como,Olgiate Comasco,24,24
Como,Oltrona di San Mamette,3,0
Como,Orsenigo,3,0
Como,Pianello del Lario,3,0
Como,Plesio,0,0
Como,Pognana Lario,2,0
Como,Ponna,1,0
Como,Ponte Lambro,10,10
Como,Porlezza,16,16
Como,Proserpio,2,0
Como,Pusiano,1,0
Como,Rezzago,0,0
Como,Rodero,1,0
Como,Ronago,1,0
Como,Rovellasca,17,7
Como,Rovello Porro,14,0
Como,Sala Comacina,16,16
Como,San Bartolomeo Val Cavargna,2,0
Como,San Fermo della Battaglia,14,0
Como,San Nazzaro Val Cavargna,0,0
Como,San Siro,4,0
Como,Schignano,4,0
Como,Senna Comasco,3,0
Como,Solbiate con Cagno,7,0
Como,Sorico,3,1
Como,Sormano,2,0
Como,Stazzona,1,0
Como,Tavernerio,11,2
Como,Torno,2,0
Como,Tremezzina,7,0
Como,Trezzone,0,0
Como,Turate,16,2
Como,Uggiate-Trevano,11,3
Como,Valbrona,4,0
Como,Valmorea,3,0
Como,Valsolda,4,0
Como,Veleso,1,0
Como,Veniano,6,0
Como,Vercana,1,0
Como,Vertemate con Minoprio,10,10
Como,Villa Guardia,16,1
Como,Zelbio,1,0
Cremona,Acquanegra Cremonese,38,38
Cremona,Agnadello,20,20
Cremona,Annicco,20,20
Cremona,Azzanello,2,0
Cremona,Bagnolo Cremasco,36,36
Cremona,Bonemerse,3,0
Cremona,Bordolano,1,0
Cremona,Calvatone,3,0
Cremona,Camisano,2,0
Cremona,Campagnola Cremasca,0,0
Cremona,Capergnanica,18,18
Cremona,Cappella Cantone,0,0
Cremona,Cappella de' Picenardi,2,0
Cremona,Capralba,20,20
Cremona,Casalbuttano ed Uniti,132,132
Cremona,Casale Cremasco-Vidolasco,3,0
Cremona,Casaletto Ceredano,2,0
Cremona,Casaletto di Sopra,1,0
Cremona,Casaletto Vaprio,2,0
Cremona,Casalmaggiore,122,122
Cremona,Casalmorano,54,54
Cremona,Castel Gabbiano,2,0
Cremona,Casteldidone,1,0
Cremona,Castelleone,114,114
Cremona,Castelverde,88,88
Cremona,Castelvisconti,1,0
Cremona,Cella Dati,1,0
Cremona,Chieve,2,0
Cremona,Cicognolo,2,0
Cremona,Cingia de' Botti,52,52
Cremona,Corte de' Cortesi con Cignone,1,0
Cremona,Corte de' Frati,3,0
Cremona,Credera Rubbiano,3,0
Cremona,Crema,322,322
Cremona,Cremona,728,728
Cremona,Cremosano,4,0
Cremona,Crotta d'Adda,2,0
Cremona,Cumignano sul Naviglio,0,0
Cremona,Derovere,0,0
Cremona,Dovera,24,24
Cremona,Fiesco,2,0
Cremona,Formigara,2,0
Cremona,Gabbioneta-Binanuova,1,0
Cremona,Gadesco-Pieve Delmona,3,0
Cremona,Genivolta,3,0
Cremona,Gerre de' Caprioli,3,0
Cremona,Gombito,3,0
Cremona,Grontardo,2,0
Cremona,Grumello Cremonese ed Uniti,2,0
Cremona,Gussola,22,22
Cremona,Isola Dovarese,16,16
Cremona,Izano,4,0
Cremona,Madignano,28,28
Cremona,Malagnino,10,10
Cremona,Martignana di Po,8,8
Cremona,Monte Cremasco,16,16
Cremona,Montodine,4,0
Cremona,Moscazzano,3,0
Cremona,Motta Baluffi,10,10
Cremona,Offanengo,70,70
Cremona,Olmeneta,1,0
Cremona,Ostiano,28,28
Cremona,Paderno Ponchielli,14,14
Cremona,Palazzo Pignano,18,18
Cremona,Pandino,94,94
Cremona,Persico Dosimo,3,0
Cremona,Pescarolo ed Uniti,4,0
Cremona,Pessina Cremonese,1,0
Cremona,Piadena Drizzona,56,56
Cremona,Pianengo,14,14
Cremona,Pieranica,3,0
Cremona,Pieve d'Olmi,3,0
Cremona,Pieve San Giacomo,2,0
Cremona,Pizzighettone,90,90
Cremona,Pozzaglio ed Uniti,3,0
Cremona,Quintano,1,0
Cremona,Ricengo,3,0
Cremona,Ripalta Arpina,2,0
Cremona,Ripalta Cremasca,24,24
Cremona,Ripalta Guerina,1,0
Cremona,Rivarolo del Re ed Uniti,6,6
Cremona,Rivolta d'Adda,56,56
Cremona,Robecco d'Oglio,8,0
Cremona,Romanengo,42,42
Cremona,Salvirola,1,0
Cremona,San Bassano,18,18
Cremona,San Daniele Po,10,10
Cremona,San Giovanni in Croce,12,12
Cremona,San Martino del Lago,0,0
Cremona,Scandolara Ravara,22,22
Cremona,Scandolara Ripa d'Oglio,2,0
Cremona,Sergnano,6,0
Cremona,Sesto ed Uniti,20,20
Cremona,Solarolo Rainerio,12,12
Cremona,Soncino,66,66
Cremona,Soresina,98,98
Cremona,Sospiro,19,4
Cremona,Spinadesco,3,0
Cremona,Spineda,2,0
Cremona,Spino d'Adda,14,1
Cremona,Stagno Lombardo,42,42
Cremona,Ticengo,3,0
Cremona,Torlino Vimercati,0,0
Cremona,Tornata,1,0
Cremona,Torre de' Picenardi,8,0
Cremona,Torricella del Pizzo,3,0
Cremona,Trescore Cremasco,30,30
Cremona,Trigolo,5,1
Cremona,Vaiano Cremasco,48,48
Cremona,Vailate,66,66
Cremona,Vescovato,60,60
Cremona,Volongo,2,0
Cremona,Voltido,1,0
Lecco,Abbadia Lariana,7,0
Lecco,Airuno,3,0
Lecco,Annone di Brianza,5,0
Lecco,Ballabio,3,0
Lecco,Barzago,3,0
Lecco,Barzanò,16,16
Lecco,Barzio,3,0
Lecco,Bellano,7,0
Lecco,Bosisio Parini,4,0
Lecco,Brivio,56,56
Lecco,Bulciago,6,0
Lecco,Calco,16,16
Lecco,Calolziocorte,102,102
Lecco,Carenno,1,0
Lecco,Casargo,3,0
Lecco,Casatenovo,46,46
Lecco,Cassago Brianza,7,2
Lecco,Cassina Valsassina,0,0
Lecco,Castello di Brianza,6,0
Lecco,Cernusco Lombardone,18,18
Lecco,Cesana Brianza,3,0
Lecco,Civate,24,24
Lecco,Colico,30,30
Lecco,Colle Brianza,2,0
Lecco,Cortenova,2,0
Lecco,Costa Masnaga,34,34
Lecco,Crandola Valsassina,2,0
Lecco,Cremella,4,0
Lecco,Cremeno,3,0
Lecco,Dervio,7,1
Lecco,Dolzago,5,0
Lecco,Dorio,1,0
Lecco,Ello,1,0
Lecco,Erve,2,0
Lecco,Esino Lario,2,0
Lecco,Galbiate,44,44
Lecco,Garbagnate Monastero,2,0
Lecco,Garlate,3,0
Lecco,Imbersago,5,1
Lecco,Introbio,5,0
Lecco,La Valletta Brianza,8,0
Lecco,Lecco,182,182
Lecco,Lierna,4,0
Lecco,Lomagna,16,16
Lecco,Malgrate,8,0
Lecco,Mandello del Lario,38,38
Lecco,Margno,0,0
Lecco,Merate,28,14
Lecco,Missaglia,40,40
Lecco,Moggio,2,0
Lecco,Molteno,12,12
Lecco,Monte Marenzo,3,0
Lecco,Montevecchia,3,0
Lecco,Monticello Brianza,30,30
Lecco,Morterone,0,0
Lecco,Nibionno,6,0
Lecco,Oggiono,18,6
Lecco,Olgiate Molgora,34,34
Lecco,Olginate,30,30
Lecco,Oliveto Lario,4,0
Lecco,Osnago,12,12
Lecco,Paderno d'Adda,16,16
Lecco,Pagnona,1,0
Lecco,Pasturo,3,0
Lecco,Perledo,4,0
Lecco,Pescate,2,0
Lecco,Premana,4,0
Lecco,Primaluna,3,0
Lecco,Robbiate,26,26
Lecco,Rogeno,10,10
Lecco,Santa Maria Hoè,3,0
Lecco,Sirone,4,0
Lecco,Sirtori,3,0
Lecco,Sueglio,0,0
Lecco,Suello,3,0
Lecco,Valgreghentino,10,10
Lecco,Valmadrera,20,8
Lecco,Valvarrone,2,0
Lecco,Varenna,3,0
Lecco,Vercurago,12,12
Lecco,Verderio,34,34
Lecco,Viganò,5,0
Lodi,Abbadia Cerreto,1,0
Lodi,Bertonico,3,0
Lodi,Boffalora d'Adda,3,0
Lodi,Borghetto Lodigiano,48,48
Lodi,Borgo San Giovanni,5,0
Lodi,Brembio,24,24
Lodi,Casaletto Lodigiano,12,12
Lodi,Casalmaiocco,3,0
Lodi,Casalpusterlengo,114,114
Lodi,Caselle Landi,28,28
Lodi,Caselle Lurani,3,0
Lodi,Castelgerundo,3,0
Lodi,Castelnuovo Bocca d'Adda,28,28
Lodi,Castiglione d'Adda,104,104
Lodi,Castiraga Vidardo,2,0
Lodi,Cavenago d'Adda,16,16
Lodi,Cervignano d'Adda,24,24
Lodi,Codogno,228,228
Lodi,Comazzo,2,0
Lodi,Cornegliano Laudense,3,0
Lodi,Corno Giovine,24,24
Lodi,Cornovecchio,0,0
Lodi,Corte Palasio,2,0
Lodi,Crespiatica,18,18
Lodi,Fombio,30,30
Lodi,Galgagnano,1,0
Lodi,Graffignana,14,14
Lodi,Guardamiglio,28,28
Lodi,Livraga,36,36
Lodi,Lodi,374,374
Lodi,Lodi Vecchio,46,46
Lodi,Mairago,6,0
Lodi,Maleo,72,72
Lodi,Marudo,3,0
Lodi,Massalengo,8,8
Lodi,Meleti,1,0
Lodi,Merlino,2,0
Lodi,Montanaso Lombardo,6,6
Lodi,Mulazzano,28,28
Lodi,Orio Litta,3,0
Lodi,Ospedaletto Lodigiano,3,0
Lodi,Ossago Lodigiano,2,0
Lodi,Pieve Fissiraga,1,0
Lodi,Salerano sul Lambro,3,0
Lodi,San Fiorano,16,16
Lodi,San Martino in Strada,26,26
Lodi,San Rocco al Porto,44,44
Lodi,Sant'Angelo Lodigiano,100,100
Lodi,Santo Stefano Lodigiano,3,0
Lodi,Secugnago,4,0
Lodi,Senna Lodigiana,26,26
Lodi,Somaglia,22,22
Lodi,Sordio,24,24
Lodi,Tavazzano con Villavesco,30,30
Lodi,Terranova dei Passerini,1,0
Lodi,Turano Lodigiano,14,14
Lodi,Valera Fratta,2,0
Lodi,Villanova del Sillaro,3,0
Lodi,Zelo Buon Persico,14,14
Mantova,Acquanegra sul Chiese,14,14
Mantova,Asola,56,56
Mantova,Bagnolo San Vito,18,18
Mantova,Borgo Mantovano,30,30
Mantova,Borgo Virgilio,32,32
Mantova,Borgocarbonara,20,20
Mantova,Bozzolo,11,1
Mantova,Canneto sull'Oglio,14,0
Mantova,Casalmoro,20,20
Mantova,Casaloldo,14,14
Mantova,Casalromano,2,0
Mantova,Castel d'Ario,6,1
Mantova,Castel Goffredo,72,72
Mantova,Castelbelforte,6,6
Mantova,Castellucchio,11,0
Mantova,Castiglione delle Stiviere,84,84
Mantova,Cavriana,8,0
Mantova,Ceresara,12,12
Mantova,Commessaggio,3,0
Mantova,Curtatone,40,40
Mantova,Dosolo,36,36
Mantova,Gazoldo degli Ippoliti,12,12
Mantova,Gazzuolo,9,0
Mantova,Goito,74,74
Mantova,Gonzaga,19,8
Mantova,Guidizzolo,42,42
Mantova,Magnacavallo,18,18
Mantova,Mantova,192,192
Mantova,Marcaria,23,5
Mantova,Mariana Mantovana,1,0
Mantova,Marmirolo,24,24
Mantova,Medole,10,0
Mantova,Moglia,32,32
Mantova,Monzambano,8,8
Mantova,Motteggiana,4,4
Mantova,Ostiglia,18,0
Mantova,Pegognaga,30,30
Mantova,Piubega,5,0
Mantova,Poggio Rusco,17,4
Mantova,Pomponesco,8,2
Mantova,Ponti sul Mincio,1,0
Mantova,Porto Mantovano,46,46
Mantova,Quingentole,3,0
Mantova,Quistello,28,28
Mantova,Redondesco,4,0
Mantova,Rivarolo Mantovano,26,26
Mantova,Rodigo,24,24
Mantova,Roncoferraro,28,28
Mantova,Roverbella,30,30
Mantova,Sabbioneta,24,24
Mantova,San Benedetto Po,36,36
Mantova,San Giacomo delle Segnate,6,2
Mantova,San Giorgio Bigarello,30,30
Mantova,San Giovanni del Dosso,2,0
Mantova,San Martino dall'Argine,6,6
Mantova,Schivenoglia,26,26
Mantova,Sermide e Felonica,54,54
Mantova,Serravalle a Po,5,0
Mantova,Solferino,14,14
Mantova,Sustinente,3,0
Mantova,Suzzara,43,10
Mantova,Viadana,160,160
Mantova,Villimpenta,18,18
Mantova,Volta Mantovana,21,0
Milano,Abbiategrasso,73,46
Milano,Albairate,10,3
Milano,Arconate,16,16
Milano,Arese,48,48
Milano,Arluno,23,2
Milano,Assago,14,14
Milano,Baranzate,17,5
Milano,Bareggio,34,14
Milano,Basiano,18,18
Milano,Basiglio,18,18
Milano,Bellinzago Lombardo,7,0
Milano,Bernate Ticino,4,0
Milano,Besate,4,0
Milano,Binasco,52,52
Milano,Boffalora sopra Ticino,9,0
Milano,Bollate,92,92
Milano,Bresso,146,146
Milano,Bubbiano,3,0
Milano,Buccinasco,36,36
Milano,Buscate,10,10
Milano,Bussero,24,24
Milano,Busto Garolfo,32,32
Milano,Calvignasco,1,0
Milano,Cambiago,18,18
Milano,Canegrate,32,32
Milano,Carpiano,4,0
Milano,Carugate,106,106
Milano,Casarile,10,10
Milano,Casorezzo,14,14
Milano,Cassano d'Adda,82,82
Milano,Cassina de' Pecchi,24,9
Milano,Cassinetta di Lugagnano,2,0
Milano,Castano Primo,44,44
Milano,Cernusco sul Naviglio,164,164
Milano,Cerro al Lambro,7,0
Milano,Cerro Maggiore,50,50
Milano,Cesano Boscone,66,66
Milano,Cesate,52,52
Milano,Cinisello Balsamo,220,220
Milano,Cisliano,7,0
Milano,Cologno Monzese,180,180
Milano,Colturano,2,0
Milano,Corbetta,44,44
Milano,Cormano,110,110
Milano,Cornaredo,38,38
Milano,Corsico,90,90
Milano,Cuggiono,36,36
Milano,Cusago,6,0
Milano,Cusano Milanino,62,62
Milano,Dairago,22,22
Milano,Dresano,12,12
Milano,Gaggiano,18,18
Milano,Garbagnate Milanese,66,66
Milano,Gessate,40,40
Milano,Gorgonzola,54,54
Milano,Grezzago,5,0
Milano,Gudo Visconti,1,0
Milano,Inveruno,34,34
Milano,Inzago,42,42
Milano,Lacchiarella,17,11
Milano,Lainate,74,74
Milano,Legnano,198,198
Milano,Liscate,5,0
Milano,Locate di Triulzi,34,34
Milano,Magenta,64,64
Milano,Magnago,22,22
Milano,Marcallo con Casone,14,5
Milano,Masate,12,12
Milano,Mediglia,152,152
Milano,Melegnano,84,84
Milano,Melzo,66,66
Milano,Mesero,10,10
Milano,Milano,3992,3992
Milano,Morimondo,3,0
Milano,Motta Visconti,19,4
Milano,Nerviano,38,19
Milano,Nosate,2,0
Milano,Novate Milanese,50,50
Milano,Noviglio,14,14
Milano,Opera,23,6
Milano,Ossona,12,12
Milano,Ozzero,2,0
Milano,Paderno Dugnano,88,59
Milano,Pantigliate,11,4
Milano,Parabiago,66,66
Milano,Paullo,48,48
Milano,Pero,19,7
Milano,Peschiera Borromeo,82,82
Milano,Pessano con Bornago,50,50
Milano,Pieve Emanuele,18,6
Milano,Pioltello,128,128
Milano,Pogliano Milanese,32,32
Milano,Pozzo d'Adda,6,0
Milano,Pozzuolo Martesana,10,3
Milano,Pregnana Milanese,11,0
Milano,Rescaldina,27,7
Milano,Rho,168,168
Milano,Robecchetto con Induno,8,0
Milano,Robecco sul Naviglio,18,18
Milano,Rodano,8,8
Milano,Rosate,16,16
Milano,Rozzano,144,144
Milano,San Colombano al Lambro,70,70
Milano,San Donato Milanese,94,94
Milano,San Giorgio su Legnano,22,22
Milano,San Giuliano Milanese,138,138
Milano,San Vittore Olona,28,28
Milano,San Zenone al Lambro,16,16
Milano,Santo Stefano Ticino,16,16
Milano,Sedriano,44,44
Milano,Segrate,98,98
Milano,Senago,35,18
Milano,Sesto San Giovanni,244,244
Milano,Settala,12,12
Milano,Settimo Milanese,46,46
Milano,Solaro,34,34
Milano,Trezzano Rosa,18,18
Milano,Trezzano sul Naviglio,33,15
Milano,Trezzo sull'Adda,122,122
Milano,Tribiano,14,14
Milano,Truccazzano,10,1
Milano,Turbigo,16,6
Milano,Vanzaghello,11,0
Milano,Vanzago,30,30
Milano,Vaprio d'Adda,30,30
Milano,Vermezzo con Zelo,5,0
Milano,Vernate,6,2
Milano,Vignate,10,4
Milano,Villa Cortese,22,22
Milano,Vimodrone,24,1
Milano,Vittuone,15,0
Milano,Vizzolo Predabissi,34,34
Milano,Zibido San Giacomo,7,0
Monza e della Brianza,Agrate Brianza,64,64
Monza e della Brianza,Aicurzio,5,0
Monza e della Brianza,Albiate,18,18
Monza e della Brianza,Arcore,70,70
Monza e della Brianza,Barlassina,26,26
Monza e della Brianza,Bellusco,46,46
Monza e della Brianza,Bernareggio,48,48
Monza e della Brianza,Besana in Brianza,31,13
Monza e della Brianza,Biassono,36,36
Monza e della Brianza,Bovisio-Masciago,26,26
Monza e della Brianza,Briosco,10,10
Monza e della Brianza,Brugherio,136,136
Monza e della Brianza,Burago di Molgora,14,14
Monza e della Brianza,Busnago,36,36
Monza e della Brianza,Camparada,5,0
Monza e della Brianza,Caponago,18,18
Monza e della Brianza,Carate Brianza,39,10
Monza e della Brianza,Carnate,24,24
Monza e della Brianza,Cavenago di Brianza,42,42
Monza e della Brianza,Ceriano Laghetto,14,14
Monza e della Brianza,Cesano Maderno,70,14
Monza e della Brianza,Cogliate,12,12
Monza e della Brianza,Concorezzo,66,66
Monza e della Brianza,Cornate d'Adda,56,56
Monza e della Brianza,Correzzana,3,0
Monza e della Brianza,Desio,82,82
Monza e della Brianza,Giussano,60,60
Monza e della Brianza,Lazzate,11,0
Monza e della Brianza,Lentate sul Seveso,25,6
Monza e della Brianza,Lesmo,6,0
Monza e della Brianza,Limbiate,68,68
Monza e della Brianza,Lissone,126,126
Monza e della Brianza,Macherio,28,28
Monza e della Brianza,Meda,52,52
Monza e della Brianza,Mezzago,24,24
Monza e della Brianza,Misinto,11,0
Monza e della Brianza,Monza,412,412
Monza e della Brianza,Muggiò,30,18
Monza e della Brianza,Nova Milanese,86,86
Monza e della Brianza,Ornago,14,14
Monza e della Brianza,Renate,5,0
Monza e della Brianza,Roncello,6,0
Monza e della Brianza,Ronco Briantino,14,14
Monza e della Brianza,Seregno,77,35
Monza e della Brianza,Seveso,66,66
Monza e della Brianza,Sovico,26,26
Monza e della Brianza,Sulbiate,4,0
Monza e della Brianza,Triuggio,18,18
Monza e della Brianza,Usmate Velate,13,2
Monza e della Brianza,Varedo,44,44
Monza e della Brianza,Vedano al Lambro,30,30
Monza e della Brianza,Veduggio con Colzano,16,16
Monza e della Brianza,Verano Brianza,21,6
Monza e della Brianza,Villasanta,80,80
Monza e della Brianza,Vimercate,146,146
Pavia,Alagna,2,0
Pavia,Albaredo Arnaboldi,1,0
Pavia,Albonese,9,0
Pavia,Albuzzano,36,36
Pavia,Arena Po,14,14
Pavia,Badia Pavese,0,0
Pavia,Bagnaria,3,0
Pavia,Barbianello,3,0
Pavia,Bascapè,1,0
Pavia,Bastida Pancarana,3,0
Pavia,Belgioioso,42,42
Pavia,Bereguardo,4,0
Pavia,Borgarello,4,0
Pavia,Borgo Priolo,4,0
Pavia,Borgo San Siro,3,0
Pavia,Borgoratto Mormorolo,1,0
Pavia,Bornasco,2,0
Pavia,Bosnasco,3,0
Pavia,Brallo di Pregola,8,8
Pavia,Breme,22,22
Pavia,Bressana Bottarone,14,14
Pavia,Broni,46,46
Pavia,Campospinoso,12,12
Pavia,Candia Lomellina,5,0
Pavia,Canneto Pavese,2,0
Pavia,Carbonara al Ticino,6,1
Pavia,Casanova Lonati,0,0
Pavia,Casatisma,3,0
Pavia,Casei Gerola,22,22
Pavia,Casorate Primo,22,22
Pavia,Cassolnovo,76,76
Pavia,Castana,3,0
Pavia,Casteggio,17,3
Pavia,Castelletto di Branduzzo,1,0
Pavia,Castello d'Agogna,1,0
Pavia,Castelnovetto,2,0
Pavia,Cava Manara,30,30
Pavia,Cecima,1,0
Pavia,Ceranova,3,0
Pavia,Ceretto Lomellina,0,0
Pavia,Cergnago,3,0
Pavia,Certosa di Pavia,9,0
Pavia,Cervesina,4,0
Pavia,Chignolo Po,18,18
Pavia,Cigognola,18,18
Pavia,Cilavegna,24,24
Pavia,Codevilla,3,0
Pavia,Colli Verdi,5,0
Pavia,Confienza,4,0
Pavia,Copiano,4,0
Pavia,Corana,2,0
Pavia,Cornale e Bastida,2,0
Pavia,Corteolona e Genzone,14,14
Pavia,Corvino San Quirico,5,0
Pavia,Costa de' Nobili,1,0
Pavia,Cozzo,2,0
Pavia,Cura Carpignano,10,10
Pavia,Dorno,17,0
Pavia,Ferrera Erbognone,6,0
Pavia,Filighera,3,0
Pavia,Fortunago,1,0
Pavia,Frascarolo,3,0
Pavia,Galliavola,1,0
Pavia,Gambarana,1,0
Pavia,Gambolò,48,48
Pavia,Garlasco,32,16
Pavia,Gerenzago,1,0
Pavia,Giussago,18,18
Pavia,Godiasco Salice Terme,14,14
Pavia,Golferenzo,0,0
Pavia,Gravellona Lomellina,50,50
Pavia,Gropello Cairoli,62,62
Pavia,Inverno e Monteleone,3,0
Pavia,Landriano,28,28
Pavia,Langosco,2,0
Pavia,Lardirago,3,0
Pavia,Linarolo,8,8
Pavia,Lirio,0,0
Pavia,Lomello,12,12
Pavia,Lungavilla,12,12
Pavia,Magherno,16,16
Pavia,Marcignago,6,1
Pavia,Marzano,0,0
Pavia,Mede,23,10
Pavia,Menconico,5,0
Pavia,Mezzana Bigli,5,0
Pavia,Mezzana Rabattone,2,2
Pavia,Mezzanino,3,0
Pavia,Miradolo Terme,26,26
Pavia,Montalto Pavese,3,0
Pavia,Montebello della Battaglia,16,16
Pavia,Montecalvo Versiggia,0,0
Pavia,Montescano,1,0
Pavia,Montesegale,1,0
Pavia,Monticelli Pavese,1,0
Pavia,Montù Beccaria,20,20
Pavia,Mornico Losana,1,0
Pavia,Mortara,138,138
Pavia,Nicorvo,0,0
Pavia,Olevano di Lomellina,2,0
Pavia,Oliva Gessi,0,0
Pavia,Ottobiano,24,24
Pavia,Palestro,3,0
Pavia,Pancarana,2,0
Pavia,Parona,14,14
Pavia,Pavia,280,280
Pavia,Pietra de' Giorgi,2,0
Pavia,Pieve Albignola,1,0
Pavia,Pieve del Cairo,10,10
Pavia,Pieve Porto Morone,16,16
Pavia,Pinarolo Po,22,22
Pavia,Pizzale,1,0
Pavia,Ponte Nizza,3,1
Pavia,Portalbera,3,0
Pavia,Rea,2,0
Pavia,Redavalle,3,0
Pavia,Retorbido,8,8
Pavia,Rivanazzano Terme,14,14
Pavia,Robbio,20,20
Pavia,Robecco Pavese,0,0
Pavia,Rocca Susella,2,0
Pavia,Romagnese,16,16
Pavia,Roncaro,2,0
Pavia,Rosasco,4,0
Pavia,Rovescala,4,0
Pavia,San Cipriano Po,2,0
Pavia,San Damiano al Colle,1,0
Pavia,San Genesio ed Uniti,8,8
Pavia,San Giorgio di Lomellina,4,0
Pavia,San Martino Siccomario,9,0
Pavia,San Zenone al Po,3,0
Pavia,Sannazzaro de' Burgondi,18,1
Pavia,Sant'Angelo Lomellina,2,0
Pavia,Santa Cristina e Bissone,4,0
Pavia,Santa Giuletta,20,20
Pavia,Santa Margherita di Staffora,1,0
Pavia,Santa Maria della Versa,6,0
Pavia,Sartirana Lomellina,14,14
Pavia,Scaldasole,4,0
Pavia,Semiana,1,0
Pavia,Silvano Pietra,1,0
Pavia,Siziano,20,20
Pavia,Sommo,1,0
Pavia,Spessa,0,0
Pavia,Stradella,34,34
Pavia,Suardi,1,0
Pavia,Torrazza Coste,24,24
Pavia,Torre Beretti e Castellaro,0,0
Pavia,Torre d'Arese,2,0
Pavia,Torre d'Isola,4,0
Pavia,Torre de' Negri,0,0
Pavia,Torrevecchia Pia,6,0
Pavia,Torricella Verzate,1,0
Pavia,Travacò Siccomario,10,1
Pavia,Trivolzio,6,0
Pavia,Tromello,9,1
Pavia,Trovo,3,0
Pavia,Val di Nizza,5,0
Pavia,Valeggio,0,0
Pavia,Valle Lomellina,9,0
Pavia,Valle Salimbene,2,0
Pavia,Varzi,34,34
Pavia,Vellezzo Bellini,6,0
Pavia,Verretto,1,0
Pavia,Verrua Po,3,0
Pavia,Vidigulfo,18,18
Pavia,Vigevano,147,92
Pavia,Villa Biscossi,1,0
Pavia,Villanova d'Ardenghi,1,0
Pavia,Villanterio,18,18
Pavia,Vistarino,2,0
Pavia,Voghera,250,250
Pavia,Zavattarello,32,32
Pavia,Zeccone,4,0
Pavia,Zeme,3,0
Pavia,Zenevredo,2,0
Pavia,Zerbo,1,0
Pavia,Zerbolò,3,0
Pavia,Zinasco,7,0
Sondrio,Albaredo per San Marco,0,0
Sondrio,Albosaggia,6,0
Sondrio,Andalo Valtellino,1,0
Sondrio,Aprica,16,16
Sondrio,Ardenno,12,12
Sondrio,Bema,1,0
Sondrio,Berbenno di Valtellina,12,12
Sondrio,Bianzone,4,0
Sondrio,Bormio,16,16
Sondrio,Buglio in Monte,3,0
Sondrio,Caiolo,2,0
Sondrio,Campodolcino,1,0
Sondrio,Caspoggio,3,0
Sondrio,Castello dell'Acqua,2,0
Sondrio,Castione Andevenno,2,0
Sondrio,Cedrasco,0,0
Sondrio,Cercino,1,0
Sondrio,Chiavenna,22,0
Sondrio,Chiesa in Valmalenco,3,0
Sondrio,Chiuro,12,12
Sondrio,Cino,1,0
Sondrio,Civo,3,0
Sondrio,Colorina,3,0
Sondrio,Cosio Valtellino,10,10
Sondrio,Dazio,1,0
Sondrio,Delebio,8,8
Sondrio,Dubino,10,0
Sondrio,Faedo Valtellino,1,0
Sondrio,Forcola,3,0
Sondrio,Fusine,1,0
Sondrio,Gerola Alta,0,0
Sondrio,Gordona,2,0
Sondrio,Grosio,22,22
Sondrio,Grosotto,6,0
Sondrio,Lanzada,1,0
Sondrio,Livigno,4,0
Sondrio,Lovero,1,0
Sondrio,Madesimo,0,0
Sondrio,Mantello,0,0
Sondrio,Mazzo di Valtellina,3,0
Sondrio,Mello,4,0
Sondrio,Mese,3,0
Sondrio,Montagna in Valtellina,18,18
Sondrio,Morbegno,52,52
Sondrio,Novate Mezzola,6,2
Sondrio,Piantedo,3,0
Sondrio,Piateda,7,0
Sondrio,Piuro,12,12
Sondrio,Poggiridenti,4,0
Sondrio,Ponte in Valtellina,12,12
Sondrio,Postalesio,3,0
Sondrio,Prata Camportaccio,9,0
Sondrio,Rogolo,1,0
Sondrio,Samolaco,7,0
Sondrio,San Giacomo Filippo,0,0
Sondrio,Sernio,1,0
Sondrio,Sondalo,16,16
Sondrio,Sondrio,58,58
Sondrio,Spriana,1,0
Sondrio,Talamona,26,26
Sondrio,Teglio,15,8
Sondrio,Tirano,42,42
Sondrio,Torre di Santa Maria,3,0
Sondrio,Tovo di Sant'Agata,1,0
Sondrio,Traona,3,0
Sondrio,Tresivio,5,0
Sondrio,Val Masino,3,0
Sondrio,Valdidentro,12,12
Sondrio,Valdisotto,8,3
Sondrio,Valfurva,16,16
Sondrio,Verceia,2,0
Sondrio,Vervio,0,0
Sondrio,Villa di Chiavenna,1,0
Sondrio,Villa di Tirano,22,22
Varese,Agra,1,0
Varese,Albizzate,14,14
Varese,Angera,14,5
Varese,Arcisate,14,0
Varese,Arsago Seprio,9,0
Varese,Azzate,7,1
Varese,Azzio,2,0
Varese,Barasso,10,10
Varese,Bardello,3,0
Varese,Besano,24,24
Varese,Besnate,16,16
Varese,Besozzo,22,3
Varese,Biandronno,7,0
Varese,Bisuschio,5,0
Varese,Bodio Lomnago,5,0
Varese,Brebbia,10,3
Varese,Bregano,1,0
Varese,Brenta,3,0
Varese,Brezzo di Bedero,3,0
Varese,Brinzio,2,0
Varese,Brissago-Valtravaglia,3,0
Varese,Brunello,1,0
Varese,Brusimpiano,2,0
Varese,Buguggiate,7,0
Varese,Busto Arsizio,198,198
Varese,Cadegliano-Viconago,5,0
Varese,Cadrezzate con Osmate,5,0
Varese,Cairate,20,20
Varese,Cantello,17,4
Varese,Caravate,6,0
Varese,Cardano al Campo,25,4
Varese,Carnago,14,14
Varese,Caronno Pertusella,32,32
Varese,Caronno Varesino,18,18
Varese,Casale Litta,5,1
Varese,Casalzuigno,3,0
Varese,Casciago,12,12
Varese,Casorate Sempione,12,12
Varese,Cassano Magnago,52,52
Varese,Cassano Valcuvia,2,0
Varese,Castellanza,34,34
Varese,Castello Cabiaglio,1,0
Varese,Castelseprio,3,0
Varese,Castelveccana,5,0
Varese,Castiglione Olona,11,0
Varese,Castronno,9,0
Varese,Cavaria con Premezzo,13,7
Varese,Cazzago Brabbia,1,0
Varese,Cislago,14,3
Varese,Cittiglio,10,0
Varese,Clivio,4,0
Varese,Cocquio-Trevisago,14,14
Varese,Comabbio,2,0
Varese,Comerio,12,12
Varese,Cremenaga,3,0
Varese,Crosio della Valle,0,0
Varese,Cuasso al Monte,5,0
Varese,Cugliate-Fabiasco,3,1
Varese,Cunardo,4,0
Varese,Curiglia con Monteviasco,0,0
Varese,Cuveglio,6,1
Varese,Cuvio,6,0
Varese,Daverio,3,0
Varese,Dumenza,2,0
Varese,Duno,0,0
Varese,Fagnano Olona,26,26
Varese,Ferno,14,2
Varese,Ferrera di Varese,0,0
Varese,Gallarate,115,75
Varese,Galliate Lombardo,1,0
Varese,Gavirate,27,2
Varese,Gazzada Schianno,7,0
Varese,Gemonio,6,0
Varese,Gerenzano,14,4
Varese,Germignaga,10,10
Varese,Golasecca,9,2
Varese,Gorla Maggiore,14,14
Varese,Gorla Minore,24,24
Varese,Gornate Olona,4,0
Varese,Grantola,3,0
Varese,Inarzo,1,0
Varese,Induno Olona,26,8
Varese,Ispra,20,20
Varese,Jerago con Orago,8,0
Varese,Lavena Ponte Tresa,11,2
Varese,Laveno-Mombello,26,12
Varese,Leggiuno,14,2
Varese,Lonate Ceppino,12,12
Varese,Lonate Pozzolo,34,34
Varese,Lozza,1,0
Varese,Luino,37,22
Varese,Luvinate,1,0
Varese,Maccagno con Pino e Veddasca,8,8
Varese,Malgesso,2,0
Varese,Malnate,37,0
Varese,Marchirolo,6,0
Varese,Marnate,11,2
Varese,Marzio,0,0
Varese,Masciago Primo,0,0
Varese,Mercallo,6,0
Varese,Mesenzana,4,0
Varese,Montegrino Valtravaglia,3,0
Varese,Monvalle,5,2
Varese,Morazzone,10,10
Varese,Mornago,7,0
Varese,Oggiona con Santo Stefano,9,0
Varese,Olgiate Olona,24,24
Varese,Origgio,14,0
Varese,Orino,2,0
Varese,Porto Ceresio,14,14
Varese,Porto Valtravaglia,6,2
Varese,Rancio Valcuvia,1,0
Varese,Ranco,3,0
Varese,Saltrio,10,10
Varese,Samarate,25,14
Varese,Sangiano,2,0
Varese,Saronno,94,94
Varese,Sesto Calende,19,10
Varese,Solbiate Arno,9,2
Varese,Solbiate Olona,10,1
Varese,Somma Lombardo,32,18
Varese,Sumirago,17,0
Varese,Taino,8,8
Varese,Ternate,3,0
Varese,Tradate,48,24
Varese,Travedona-Monate,10,0
Varese,Uboldo,18,11
Varese,Valganna,1,0
Varese,Varano Borghi,4,0
Varese,Varese,240,240
Varese,Vedano Olona,17,1
Varese,Venegono Inferiore,12,5
Varese,Venegono Superiore,26,26
Varese,Vergiate,25,17
Varese,Viggiù,20,0
Varese,Vizzola Ticino,0,0
